-- phpMyAdmin SQL Dump
-- version 4.2.11
-- http://www.phpmyadmin.net
--
-- Host: 127.0.0.1
-- Generation Time: Mar 09, 2015 at 07:37 AM
-- Server version: 5.6.21
-- PHP Version: 5.6.3

SET SQL_MODE = "NO_AUTO_VALUE_ON_ZERO";
SET time_zone = "+00:00";


/*!40101 SET @OLD_CHARACTER_SET_CLIENT=@@CHARACTER_SET_CLIENT */;
/*!40101 SET @OLD_CHARACTER_SET_RESULTS=@@CHARACTER_SET_RESULTS */;
/*!40101 SET @OLD_COLLATION_CONNECTION=@@COLLATION_CONNECTION */;
/*!40101 SET NAMES utf8 */;

--
-- Database: `nhantiec`
--

-- --------------------------------------------------------

--
-- Table structure for table `web_article`
--

CREATE TABLE IF NOT EXISTS `web_article` (
`id` int(11) NOT NULL,
  `name` varchar(250) NOT NULL,
  `name_alias` varchar(250) NOT NULL,
  `url` varchar(250) NOT NULL,
  `img_avatar` varchar(25) NOT NULL,
  `img_arr` varchar(250) DEFAULT NULL,
  `description` varchar(300) NOT NULL,
  `tags` varchar(250) NOT NULL,
  `content` text NOT NULL,
  `other` tinyint(1) DEFAULT '0',
  `datetime` bigint(10) NOT NULL,
  `lang` varchar(2) NOT NULL DEFAULT 'vi',
  `status` tinyint(1) DEFAULT '1',
  `menu_id` varchar(20) NOT NULL
) ENGINE=MyISAM AUTO_INCREMENT=22 DEFAULT CHARSET=utf8;

--
-- Dumping data for table `web_article`
--

INSERT INTO `web_article` (`id`, `name`, `name_alias`, `url`, `img_avatar`, `img_arr`, `description`, `tags`, `content`, `other`, `datetime`, `lang`, `status`, `menu_id`) VALUES
(17, 'Dịch vụ cưới trọn gói', 'dich-vu-cuoi-tron-goi', 'dich-vu-tron-goi/dich-vu-cuoi-tron-goi.html', '1425877237.jpg', '1425877237.jpg,', 'Đặc biệt chúng tôi phục vụ các tiệc cưới, hỏi, cưới vàng, cưới bạc, kỷ niệm ngân khánh, kim khánh. Hãy liên hệ với chúng tôi ngay hôm nay', 'dịch vụ cưới trọn gói,dich vu cuoi tron goi', '<p>Đặc biệt chúng tôi phục vụ các tiệc cưới, hỏi, cưới vàng, cưới bạc, kỷ niệm ngân khánh, kim khánh. Hãy liên hệ với chúng tôi ngay hôm nay,</p>\r\n', 0, 1425631080, 'vi', 1, ',6,'),
(18, 'Tiệc sinh nhật trọn gói', 'tiec-sinh-nhat-tron-goi', 'dich-vu-tron-goi/tiec-sinh-nhat-tron-goi.html', '1425877245.jpg', '1425877245.jpg,', 'Tiệc kỷ niệm nhỏ ở gia đình với số lượng 03 bàn trở lên. Tiệc nướng sân vườn ngoài trời (BBQ).', 'tiệc sinh nhật trọn gói,tiec sinh nhat tron goi', '<ul>\r\n	<li>Tiệc kỷ niệm nhỏ ở gia đình với số lượng 03 bàn trở lên.</li>\r\n	<li>Tiệc nướng sân vườn ngoài trời (BBQ).</li>\r\n	<li>Tiệc cocktail, tiệc trà...</li>\r\n	<li>Tiệc sinh nhật</li>\r\n	<li>Tổ chức các buổi khánh thành, khai trương, kỷ niệm, các sự kiện lễ hội....</li>\r\n	<li>Các dịch vụ khác về ăn uống, sự kiện...</li>\r\n</ul>\r\n', 0, 1425631140, 'vi', 1, ',6,'),
(19, 'Dịch vụ trọn gói khác', 'dich-vu-tron-goi-khac', 'dich-vu-tron-goi/dich-vu-tron-goi-khac.html', '1425877251.jpg', '1425877251.jpg,', 'Tiệc cưới hỏi, sinh nhật trọn gói tại các hội trường, ngoài trời...hay tại nhà riêng. Tiệc đứng (Buffet) chiêu đãi hội nghị, hội thảo...tại các hội trường, công ty.', 'dịch vụ trọn gói khác,dich vu tron goi khac', '<p>Tiệc cưới hỏi, sinh nhật trọn gói tại các hội trường, ngoài trời...hay tại nhà riêng. Tiệc đứng (Buffet) chiêu đãi hội nghị, hội thảo...tại các hội trường, công ty.</p>\r\n', 0, 1425631200, 'vi', 1, ',6,'),
(20, 'Giới thiệu nhận tiệc Hoa Mai', 'gioi-thieu-nhan-tiec-hoa-mai', 'gioi-thieu/gioi-thieu-nhan-tiec-hoa-mai.html', '', '', 'Mỗi bữa tiệc là một sự kiện trọng đại đáng nhớ nên chúng tôi cam kết luôn sẵn sàng mang đến sự ấn tượng, hài lòng và sự phục vụ chuyên nghiệp nhất.', 'giới thiệu nhận tiệc hoa mai,gioi thieu nhan tiec hoa mai', '<p>SỰ HÌNH THÀNH</p>\r\n\r\n<p>Dịch vụ nhận tiệc Hoa Mai được thành lập vào ngày 20 tháng 10 năm 2009 bởi bếp trưởng Đông Thành, một đầu bếp tài năng với nhiều giải thưởng danh giá, nhiều năm giữ chức vụ bếp trưởng làm việc tại các khách sạn, nhà hàng lớn và các khu nghỉ dưỡng cao cấp trong và ngoài nước. Anh có chuyên nghành về món ăn truyền thống Việt Nam và các món phương Tây hiện đại, đặc biệt là kinh nghiệm trong việc tổ chức tiệc.</p>\r\n\r\n<p>Với sự cộng tác của nhiều chuyên gia ẩm thực, nhiều đầu bếp chuyên nghiệp trứ danh trong cả nước cùng nỗ lực và tâm huyết với nghề gần 20 năm qua, dịch vụ nhận tiệc Hoa Mai đã ra đời chuyên tổ chức và cung cấp các dịch vụ trọn gói về tiệc cưới hỏi, tiệc sinh nhật, tiệc hội nghị hay các tiệc sự kiện lưu động.</p>\r\n\r\n<p>Mỗi bữa tiệc là một sự kiện trọng đại đáng nhớ nên chúng tôi cam kết luôn sẵn sàng mang đến sự ấn tượng, hài lòng và sự phục vụ chuyên nghiệp nhất.</p>\r\n\r\n<p style="text-align: center;"><img alt="" src="/public/images/articles/gioi-thieu.jpg" style="width: 819px; height: 395px;" /></p>\r\n\r\n<p><strong>TẦM NHÌN</strong></p>\r\n\r\n<p>Không phải bất cứ nhà hàng nào cũng có thể cung cấp cho bạn dịch vụ trọn gói đầy đủ và chất lượng. Với đội ngũ chuyên nghiệp về tổ chức tiệc, chúng tôi thấu hiểu được suy nghĩ và mong muốn của khách hàng nên luôn thay đổi và cung cấp rất nhiều dịch vụ chất lượng ở từng thời điểm khác nhau. Các bạn có thể tự do lựa chọn dịch vụ phù hợp với mình nhất và hoàn toàn tin tưởng với sự phục vụ của chúng tôi.</p>\r\n\r\n<p><strong>PHƯƠNG CHÂM LÀM VIỆC</strong></p>\r\n\r\n<p>Với tiêu chí đặt khách hàng lên hàng đầu, chúng tôi có thể đáp ứng tất cả những mong muốn của khách hàng dù là nhỏ nhất. Khi đến với dịch vụ nhận tiệc Hoa Mai, chỉ cần bạn đưa ra suy nghĩ và yêu cầu của mình, chúng tôi với các chuyên gia ẩm thực kinh nghiệm cao sẽ tư vấn giúp đỡ và đưa ra lời khuyên phù hợp nhất với phong cách và chi phí mà bạn đang có.</p>\r\n\r\n<p>Ngoài ra, với ý thức rằng đang phục vụ về ẩm thực nên chúng tôi cam đoan về an toàn thực phẩm trong món ăn của bữa tiệc. Chúng tôi chỉ chọn những thực phẩm tươi ngon nhất từ những nhà cung cấp có uy tín để phục vụ khách hàng. Đến với chúng tôi, bạn không những có món ăn ngon mà còn được chia sẻ những bí quyết làm thế nào để nấu ăn ngon và thái độ phục vụ chuyên nghiệp.</p>\r\n\r\n<p><strong>SỨ MỆNH</strong></p>\r\n\r\n<p>Dịch vụ nhận tiệc Hoa Mai luôn luôn thay đổi, làm mới bản thân trên con đường phục vụ khách hàng. Tất cả những chia sẻ, góp ý của khách hàng là động lực để Hoa Mai không ngừng tiến lên phía trước, ngày một hoàn thiện hơn trong vai trò là nơi đáng tin cậy để bạn trao trọn niềm tin khi tổ chức tiệc.</p>\r\n\r\n<p><strong>GIÁ TRỊ CỐT LÕI</strong></p>\r\n\r\n<p>Chúng tôi mong muốn mang đến cho mọi cá nhân, mọi tổ chức giá trị kết nối, chia sẻ thực sự qua những bữa tiệc mà chúng tôi tổ chức. Hãy đến với dịch vụ nhận tiệc Hoa Mai chúng tôi, chắc chắn bạn sẽ có một sự kiện long trọng và đáng nhớ trong cuộc đời hơn cả sự mong đợi.</p>\r\n\r\n', 0, 1425631260, 'vi', 1, ',2,'),
(21, 'Thông tin khuyến mãi', 'thong-tin-khuyen-mai', 'khuyen-mai/thong-tin-khuyen-mai.html', '', '', 'Dịch vụ nhận tiệc Hoa Mai xin gởi đến cô dâu, chú rể cùng toàn thể gia đình lời chúc tốt đẹp nhất. Dịch vụ chúng tôi xin có những phần quà tặng như sau thay cho lời chúc mừng trong ngày hạnh phúc', 'thông tin khuyến mãi,thong tin khuyen mai', '<p><strong>Dịch vụ nhận tiệc Hoa Mai</strong> xin gởi đến cô dâu, chú rể cùng toàn thể gia đình lời chúc tốt đẹp nhất. Dịch vụ chúng tôi xin có những phần quà tặng như sau thay cho lời chúc mừng trong ngày hạnh phúc</p>\r\n\r\n<p><strong>Đặt tiệc cưới tại Hoa Mai, chúng tôi khuyến mãi</strong>:</p>\r\n\r\n<ul>\r\n	<li>Trang trí phông cưới tại hội trường</li>\r\n	<li>Cổng hoa</li>\r\n	<li>Hoa bàn tiệc</li>\r\n	<li>Thảm trải lối vào</li>\r\n	<li>Hộp tiền mừng</li>\r\n</ul>\r\n\r\n<p><strong>Từ 50 bàn trở lên chúng tôi tặng thêm:</strong></p>\r\n\r\n<ul>\r\n	<li>Bánh cưới</li>\r\n	<li>Cặp rượu chúc mừng</li>\r\n	<li>Pháo hoa</li>\r\n</ul>\r\n\r\n<p><strong>Ngoài ra, trong tất cả các dịch vụ chúng tôi đều có chương trình giảm giá ưu đãi:</strong></p>\r\n\r\n<ul>\r\n	<li>Chương trình 1: đặt 10 bàn tiệc tặng 1 bàn</li>\r\n	<li>Chương trình 2: tặng 150.000 dành cho đồ uống ở mỗi bàn tiệc (bao gồm bia và nước ngọt).</li>\r\n	<li>Chương trình 3: các dịch vụ giảm giá món ăn (tùy theo số lượng khách)</li>\r\n</ul>\r\n', 0, 1425631320, 'vi', 1, ',8,');

-- --------------------------------------------------------

--
-- Table structure for table `web_article_cm`
--

CREATE TABLE IF NOT EXISTS `web_article_cm` (
`id` int(11) NOT NULL,
  `name` varchar(100) NOT NULL,
  `email` varchar(60) NOT NULL,
  `content` text NOT NULL,
  `datetime` bigint(10) NOT NULL,
  `lang` varchar(3) NOT NULL DEFAULT 'vi',
  `status` tinyint(1) DEFAULT '1',
  `article_id` int(11) NOT NULL
) ENGINE=MyISAM DEFAULT CHARSET=utf8;

-- --------------------------------------------------------

--
-- Table structure for table `web_config`
--

CREATE TABLE IF NOT EXISTS `web_config` (
`id` int(3) NOT NULL,
  `name` varchar(30) NOT NULL,
  `name_var` varchar(30) NOT NULL,
  `value` varchar(250) NOT NULL,
  `lang` varchar(2) NOT NULL DEFAULT 'vi',
  `status` tinyint(1) DEFAULT '1'
) ENGINE=MyISAM AUTO_INCREMENT=29 DEFAULT CHARSET=utf8;

--
-- Dumping data for table `web_config`
--

INSERT INTO `web_config` (`id`, `name`, `name_var`, `value`, `lang`, `status`) VALUES
(1, 'Slogan', 'slogan', '- Nhận đặt tiệc tại nhà, với giá ưu đãi!', 'vi', 1),
(2, 'Slogan', 'slogan', 'Thời trang cho mọi người', 'en', 1),
(5, 'Số tin / trang', 'limit_1', '10', 'vi', 1),
(6, 'Số SP / trang', 'limit_2', '10', 'vi', 1),
(7, 'Số photo / trang', 'limit_3', '10', 'vi', 1),
(8, 'Số video / trang', 'limit_4', '10', 'vi', 1),
(9, 'Copyright', 'copyright', '© 2013 - Bản quyền nhantiec.vn', 'vi', 1),
(10, 'Email', 'email', 'dongthanh6868@gmail.com', 'vi', 1),
(11, 'Điện thoại', 'tel', '0928 088 088', 'vi', 1),
(12, 'Hotline', 'hotline', '0928 088 088', 'vi', 1),
(13, 'Yahoo', 'yahoo', 'hieu_nhan1', 'vi', 0),
(14, 'Skype', 'skype', 'hieu_nhan1', 'vi', 0),
(15, 'Địa chỉ', 'address', '265 Hoàng Văn Thụ, Quận Tân Bình, TP.HCM', 'vi', 1),
(16, 'News number / page', 'limit_1', '10', 'en', 1),
(17, 'Product number / page', 'limit_2', '10', 'en', 1),
(18, 'Photos number / page', 'limit_3', '10', 'en', 1),
(19, 'Videos number / page', 'limit_4', '10', 'en', 1),
(20, 'Copyright', 'copyright', 'Copyright © 2014', 'en', 1),
(21, 'Email', 'email', 'hieunhan112@gmail.com', 'en', 1),
(22, 'Telephone', 'tel', '0988 388 003', 'en', 1),
(23, 'Hotline', 'hotline', '0988 388 003', 'en', 1),
(24, 'Yahoo', 'yahoo', 'hieu_nhan1', 'en', 1),
(25, 'Skype', 'skype', 'hieu_nhan1', 'en', 1),
(26, 'Address', 'address', '123 CMT 8', 'en', 1),
(27, 'Tên trang website', 'sitename', 'Nhận tiệc Hoa Mai', 'vi', 1),
(28, 'Site name', 'sitename', 'Thời trang 09', 'en', 1);

-- --------------------------------------------------------

--
-- Table structure for table `web_contact`
--

CREATE TABLE IF NOT EXISTS `web_contact` (
`id` int(11) NOT NULL,
  `name` varchar(100) NOT NULL,
  `email` varchar(100) NOT NULL,
  `phone` varchar(20) NOT NULL,
  `address` varchar(200) NOT NULL,
  `message` text NOT NULL,
  `datetime` bigint(10) NOT NULL,
  `lang` varchar(2) NOT NULL DEFAULT 'vi',
  `status` tinyint(1) DEFAULT '0'
) ENGINE=MyISAM AUTO_INCREMENT=11 DEFAULT CHARSET=utf8;

-- --------------------------------------------------------

--
-- Table structure for table `web_language`
--

CREATE TABLE IF NOT EXISTS `web_language` (
`id` int(3) NOT NULL,
  `name` varchar(20) NOT NULL,
  `code` varchar(10) NOT NULL,
  `order` int(3) DEFAULT '0',
  `status` tinyint(1) DEFAULT '1'
) ENGINE=MyISAM AUTO_INCREMENT=3 DEFAULT CHARSET=utf8;

--
-- Dumping data for table `web_language`
--

INSERT INTO `web_language` (`id`, `name`, `code`, `order`, `status`) VALUES
(1, 'Việt Nam', 'vi', 1, 1),
(2, 'English', 'en', 2, 0);

-- --------------------------------------------------------

--
-- Table structure for table `web_listcity`
--

CREATE TABLE IF NOT EXISTS `web_listcity` (
  `id` int(11) NOT NULL,
  `name` varchar(30) NOT NULL,
  `deliverycosts` int(8) NOT NULL DEFAULT '0',
  `order` int(2) DEFAULT '0',
  `lang` varchar(2) NOT NULL DEFAULT 'vi',
  `status` tinyint(1) DEFAULT '1'
) ENGINE=MyISAM DEFAULT CHARSET=utf8;

--
-- Dumping data for table `web_listcity`
--

INSERT INTO `web_listcity` (`id`, `name`, `deliverycosts`, `order`, `lang`, `status`) VALUES
(3, 'Hồ Chí Minh', 5000, 1, 'vi', 1),
(2, 'Hà Nội', 30000, 1, 'vi', 1),
(10, 'Yên Bái', 0, 0, 'vi', 1),
(11, 'Vĩnh Phúc', 0, 0, 'vi', 1),
(12, 'Vĩnh Long', 0, 0, 'vi', 1),
(13, 'Tuyên Quang', 0, 0, 'vi', 1),
(14, 'Trà Vinh', 0, 0, 'vi', 1),
(15, 'Tiền Giang', 0, 0, 'vi', 1),
(16, 'Thừa Thiên Huế', 0, 0, 'vi', 1),
(17, 'Thanh Hóa', 0, 0, 'vi', 1),
(18, 'Thái Nguyên', 0, 0, 'vi', 1),
(19, 'Thái Bình', 0, 0, 'vi', 1),
(21, 'Tây Ninh', 0, 0, 'vi', 1),
(22, 'Sơn La', 0, 0, 'vi', 1),
(23, 'Sóc Trăng', 0, 0, 'vi', 1),
(24, 'Quảng Trị', 0, 0, 'vi', 1),
(25, 'Quảng Ninh', 0, 0, 'vi', 1),
(26, 'Quảng Ngãi', 0, 0, 'vi', 1),
(27, 'Quảng Nam', 0, 0, 'vi', 1),
(28, 'Quảng Bình', 0, 0, 'vi', 1),
(29, 'Phú Yên', 0, 0, 'vi', 1),
(30, 'Phú Thọ', 0, 0, 'vi', 1),
(31, 'Ninh Thuận', 0, 0, 'vi', 1),
(32, 'Ninh Bình', 0, 0, 'vi', 1),
(33, 'Nghệ An', 0, 0, 'vi', 1),
(34, 'Nam Định', 0, 0, 'vi', 1),
(35, 'Long An', 0, 0, 'vi', 1),
(36, 'Lào Cai', 0, 0, 'vi', 1),
(37, 'Lạng Sơn', 0, 0, 'vi', 1),
(38, 'Lâm Đồng', 0, 0, 'vi', 1),
(39, 'Lai Châu', 0, 0, 'vi', 1),
(40, 'Kon Tum', 0, 0, 'vi', 1),
(41, 'Kiên Giang', 0, 0, 'vi', 1),
(42, 'Khánh Hòa', 0, 0, 'vi', 1),
(43, 'Hưng Yên', 0, 0, 'vi', 1),
(44, 'Hòa Bình', 0, 0, 'vi', 1),
(45, 'Hậu Giang', 0, 0, 'vi', 1),
(46, 'Hải Dương', 0, 0, 'vi', 1),
(47, 'Hà Tĩnh', 0, 0, 'vi', 1),
(49, 'Hà Nam ', 0, 0, 'vi', 1),
(50, 'Hà Giang', 0, 0, 'vi', 1),
(51, 'Gia Lai', 0, 0, 'vi', 1),
(52, 'Đồng Tháp', 0, 0, 'vi', 1),
(53, 'Đồng Nai', 0, 0, 'vi', 1),
(54, 'Điện Biên', 0, 0, 'vi', 1),
(55, 'Đắk Nông', 0, 0, 'vi', 1),
(56, 'Đắk Lắk', 0, 0, 'vi', 1),
(57, 'Cao Bằng', 0, 0, 'vi', 1),
(58, 'Cà Mau', 0, 0, 'vi', 1),
(59, 'Bình Thuận', 0, 0, 'vi', 1),
(60, 'Bình Phước', 0, 0, 'vi', 1),
(61, 'Bình Dương', 0, 0, 'vi', 1),
(62, 'Bình Định', 0, 0, 'vi', 1),
(63, 'Bến Tre', 0, 0, 'vi', 1),
(64, 'Bắc Ninh', 0, 0, 'vi', 1),
(65, 'Bạc Liêu', 0, 0, 'vi', 1),
(66, 'Bắc Kạn', 0, 0, 'vi', 1),
(67, 'Bắc Giang', 0, 0, 'vi', 1),
(68, 'Bà Rịa - Vũng Tàu', 0, 0, 'vi', 1),
(69, 'An Giang', 0, 0, 'vi', 1),
(70, 'Hải Phòng', 0, 0, 'vi', 1),
(71, 'Đà Nẵng', 0, 0, 'vi', 1),
(72, 'Cần Thơ', 30000, 0, 'vi', 1);

-- --------------------------------------------------------

--
-- Table structure for table `web_listdistricts`
--

CREATE TABLE IF NOT EXISTS `web_listdistricts` (
`id` int(3) NOT NULL,
  `name` varchar(35) COLLATE utf8_unicode_ci NOT NULL,
  `deliverycosts` int(8) NOT NULL DEFAULT '0',
  `city_id` int(11) NOT NULL,
  `order` int(3) DEFAULT '0',
  `lang` varchar(2) COLLATE utf8_unicode_ci NOT NULL DEFAULT 'vi',
  `status` tinyint(1) DEFAULT '1'
) ENGINE=MyISAM AUTO_INCREMENT=901 DEFAULT CHARSET=utf8 COLLATE=utf8_unicode_ci;

--
-- Dumping data for table `web_listdistricts`
--

INSERT INTO `web_listdistricts` (`id`, `name`, `deliverycosts`, `city_id`, `order`, `lang`, `status`) VALUES
(127, 'Quận 1', 0, 3, 1, 'vi', 1),
(128, 'Quận 2', 0, 3, 2, 'vi', 1),
(129, 'Quận 3', 0, 3, 3, 'vi', 1),
(130, 'Quận 4', 0, 3, 4, 'vi', 1),
(131, 'Quận 5', 0, 3, 5, 'vi', 1),
(132, 'Quận 6', 0, 3, 6, 'vi', 1),
(133, 'Quận 7', 0, 3, 7, 'vi', 1),
(134, 'Quận 8', 0, 3, 8, 'vi', 1),
(135, 'Quận 9', 0, 3, 9, 'vi', 1),
(136, 'Quận 10', 0, 3, 10, 'vi', 1),
(137, 'Quận 11', 0, 3, 11, 'vi', 1),
(138, 'Quận 12', 0, 3, 12, 'vi', 1),
(139, 'Quận Phú Nhuận', 0, 3, 13, 'vi', 1),
(140, 'Quận Bình Thạnh', 0, 3, 14, 'vi', 1),
(141, 'Quận Tân Bình', 0, 3, 15, 'vi', 1),
(142, 'Quận Tân Phú', 0, 3, 16, 'vi', 1),
(143, 'Quận Gò Vấp', 0, 3, 17, 'vi', 1),
(144, 'Quận Thủ Đức', 0, 3, 18, 'vi', 1),
(145, 'Quận Bình Tân', 0, 3, 19, 'vi', 1),
(146, 'Huyện Bình Chánh', 10000, 3, 20, 'vi', 1),
(147, 'Huyện Củ Chi', 0, 3, 21, 'vi', 1),
(149, 'Huyện Nhà Bè', 0, 3, 22, 'vi', 1),
(150, 'Huyện Cần Giờ', 0, 3, 23, 'vi', 1),
(856, 'Huyện Hóc Môn', 5000, 3, 24, 'vi', 1),
(113, 'Từ Liêm', 10000, 2, 1, 'vi', 1),
(114, 'Thanh Trì', 0, 2, 2, 'vi', 1),
(115, 'Sóc Sơn', 0, 2, 3, 'vi', 1),
(116, 'Gia Lâm', 0, 2, 4, 'vi', 1),
(117, 'Đông Anh', 0, 2, 5, 'vi', 1),
(118, 'Long Biên', 0, 2, 6, 'vi', 1),
(119, 'Hoàng Mai', 0, 2, 7, 'vi', 1),
(120, 'Cầu Giấy', 0, 2, 8, 'vi', 1),
(121, 'Tây Hồ', 0, 2, 9, 'vi', 1),
(122, 'Thanh Xuân', 0, 2, 10, 'vi', 1),
(123, 'Hai Bà Trưng', 0, 2, 11, 'vi', 1),
(124, 'Đống Đa', 0, 2, 12, 'vi', 1),
(125, 'Ba Đình', 0, 2, 13, 'vi', 1),
(126, 'Hoàn Kiếm', 0, 2, 14, 'vi', 1),
(450, 'Mê Linh', 0, 2, 15, 'vi', 1),
(840, 'Vân Điền', 0, 2, 16, 'vi', 1),
(857, 'Ba Vì', 0, 2, 17, 'vi', 1),
(858, 'Chương Mỹ', 0, 2, 18, 'vi', 1),
(859, 'Đan Phượng', 0, 2, 19, 'vi', 1),
(860, 'Hà Đông', 0, 2, 20, 'vi', 1),
(861, 'Hoài Đức', 0, 2, 21, 'vi', 1),
(862, 'Mỹ Đức', 0, 2, 22, 'vi', 1),
(863, 'Phú Xuyên', 0, 2, 23, 'vi', 1),
(864, 'Phúc Thọ', 0, 2, 24, 'vi', 1),
(865, 'Quốc Oai', 0, 2, 25, 'vi', 1),
(866, 'Sơn Tây', 0, 2, 26, 'vi', 1),
(867, 'Thạch Thất', 0, 2, 27, 'vi', 1),
(868, 'Thanh Oai', 0, 2, 28, 'vi', 1),
(869, 'Thường Tín', 0, 2, 29, 'vi', 1),
(871, 'Ứng Hòa', 0, 2, 30, 'vi', 1),
(626, 'Lục Yên', 0, 10, 1, 'vi', 1),
(627, 'Mù Căng Chải', 0, 10, 2, 'vi', 1),
(628, 'Trạm Tấu', 0, 10, 3, 'vi', 1),
(629, 'Trấn Yên', 0, 10, 4, 'vi', 1),
(630, 'Văn Chấn', 0, 10, 5, 'vi', 1),
(631, 'Văn Yên', 0, 10, 6, 'vi', 1),
(632, 'Yên Bái', 0, 10, 7, 'vi', 1),
(633, 'Yên Bình', 0, 10, 8, 'vi', 1),
(448, 'Bình Xuyên', 0, 11, 1, 'vi', 1),
(449, 'Lập Thạch', 0, 11, 2, 'vi', 1),
(451, 'Tam Dương', 0, 11, 3, 'vi', 1),
(452, 'Vĩnh Tường', 0, 11, 4, 'vi', 1),
(453, 'Vĩnh Yên', 0, 11, 5, 'vi', 1),
(454, 'Yên Lạc', 0, 11, 6, 'vi', 1),
(850, 'Phúc Yên', 0, 11, 7, 'vi', 1),
(853, 'Tam Đảo', 0, 11, 8, 'vi', 1),
(812, 'Bình Minh', 0, 12, 1, 'vi', 1),
(813, 'Long Hồ', 0, 12, 2, 'vi', 1),
(814, 'Mang Thít', 0, 12, 3, 'vi', 1),
(815, 'Tam Bình', 0, 12, 4, 'vi', 1),
(816, 'Trà Ôn', 0, 12, 5, 'vi', 1),
(817, 'Vĩnh Long', 0, 12, 6, 'vi', 1),
(818, 'Vũng Liêm', 0, 12, 7, 'vi', 1),
(620, 'Chiêm Hóa', 0, 13, 1, 'vi', 1),
(621, 'Hàm Yên', 0, 13, 2, 'vi', 1),
(622, 'Na Hang', 0, 13, 3, 'vi', 1),
(623, 'Sơn Dương', 0, 13, 4, 'vi', 1),
(624, 'Tuyên Quang', 0, 13, 5, 'vi', 1),
(625, 'Yên Sơn', 0, 13, 6, 'vi', 1),
(440, 'Càng Long', 0, 14, 1, 'vi', 1),
(441, 'Cầu Kè', 0, 14, 2, 'vi', 1),
(442, 'Cầu Ngang', 0, 14, 3, 'vi', 1),
(443, 'Châu Thành', 0, 14, 4, 'vi', 1),
(444, 'Duyên Hải', 0, 14, 5, 'vi', 1),
(445, 'Tiểu Cần', 0, 14, 6, 'vi', 1),
(446, 'Trà Cú', 0, 14, 7, 'vi', 1),
(447, 'Trà Vinh', 0, 14, 8, 'vi', 1),
(803, 'Cái Bè', 0, 15, 1, 'vi', 1),
(804, 'Cai Lậy', 0, 15, 2, 'vi', 1),
(805, 'Châu Thành', 0, 15, 3, 'vi', 1),
(806, 'Chợ Gạo', 0, 15, 4, 'vi', 1),
(807, 'Gò Công', 0, 15, 5, 'vi', 1),
(808, 'Gò Công Đông', 0, 15, 6, 'vi', 1),
(809, 'Gò Công Tây', 0, 15, 7, 'vi', 1),
(810, 'Mỹ Tho', 0, 15, 8, 'vi', 1),
(811, 'Tân Phước', 0, 15, 9, 'vi', 1),
(423, 'A Lưới', 0, 16, 1, 'vi', 1),
(424, 'Huế', 0, 16, 2, 'vi', 1),
(425, 'Hương Thủy', 0, 16, 3, 'vi', 1),
(426, 'Hương Trà', 0, 16, 4, 'vi', 1),
(427, 'Nam Đông', 0, 16, 5, 'vi', 1),
(428, 'Phong Điền', 0, 16, 6, 'vi', 1),
(429, 'Phú Lộc', 0, 16, 7, 'vi', 1),
(430, 'Phú Vang', 0, 16, 8, 'vi', 1),
(431, 'Quảng Điền', 0, 16, 9, 'vi', 1),
(776, 'Bá Thước', 0, 17, 1, 'vi', 1),
(777, 'Bỉm Sơn', 0, 17, 2, 'vi', 1),
(778, 'Cẩm Thủy', 0, 17, 3, 'vi', 1),
(779, 'Đông Sơn', 0, 17, 4, 'vi', 1),
(780, 'Hà Trung', 0, 17, 5, 'vi', 1),
(781, 'Hậu Lộc', 0, 17, 6, 'vi', 1),
(782, 'Hoằng Hóa', 0, 17, 7, 'vi', 1),
(783, 'Lang Chánh', 0, 17, 8, 'vi', 1),
(784, 'Mường Lát', 0, 17, 9, 'vi', 1),
(785, 'Nga Sơn', 0, 17, 10, 'vi', 1),
(786, 'Ngọc Lặc', 0, 17, 11, 'vi', 1),
(787, 'Như Thanh', 0, 17, 12, 'vi', 1),
(788, 'Như Xuân', 0, 17, 13, 'vi', 1),
(789, 'Nông Cống', 0, 17, 14, 'vi', 1),
(790, 'Quan Hóa', 0, 17, 15, 'vi', 1),
(791, 'Quan Sơn', 0, 17, 16, 'vi', 1),
(792, 'Quảng Xương', 0, 17, 17, 'vi', 1),
(793, 'Sầm Sơn', 0, 17, 18, 'vi', 1),
(794, 'Thạch Thành', 0, 17, 19, 'vi', 1),
(795, 'Thanh Hóa', 0, 17, 20, 'vi', 1),
(796, 'Thọ Xuân', 0, 17, 21, 'vi', 1),
(797, 'Thường Xuân', 0, 17, 22, 'vi', 1),
(798, 'Tĩnh Gia', 0, 17, 23, 'vi', 1),
(799, 'Thiệu Hóa', 0, 17, 24, 'vi', 1),
(800, 'Triệu Sơn', 0, 17, 25, 'vi', 1),
(801, 'Vĩnh Lộc', 0, 17, 26, 'vi', 1),
(802, 'Yên Định', 0, 17, 27, 'vi', 1),
(611, 'Đại Từ', 0, 18, 1, 'vi', 1),
(612, 'Định Hóa', 0, 18, 2, 'vi', 1),
(613, 'Đồng Hỷ', 0, 18, 3, 'vi', 1),
(614, 'Phổ Yên', 0, 18, 4, 'vi', 1),
(615, 'Phú Bình', 0, 18, 5, 'vi', 1),
(616, 'Phú Lương', 0, 18, 6, 'vi', 1),
(617, 'Sông Công', 0, 18, 7, 'vi', 1),
(618, 'Thái Nguyên', 0, 18, 8, 'vi', 1),
(619, 'Võ Nhai', 0, 18, 9, 'vi', 1),
(432, 'Đông Hưng', 0, 19, 1, 'vi', 1),
(433, 'Hưng Hà', 0, 19, 2, 'vi', 1),
(434, 'Kiến Xương', 0, 19, 3, 'vi', 1),
(435, 'Quỳnh Phụ', 0, 19, 4, 'vi', 1),
(436, 'Thái Bình', 0, 19, 5, 'vi', 1),
(437, 'Thái Thụy', 0, 19, 6, 'vi', 1),
(438, 'Tiền Hải', 0, 19, 7, 'vi', 1),
(439, 'Vũ Thư', 0, 19, 8, 'vi', 1),
(602, 'Bến Cầu', 0, 21, 1, 'vi', 1),
(603, 'Châu Thành', 0, 21, 2, 'vi', 1),
(604, 'Dương Minh Châu', 0, 21, 3, 'vi', 1),
(605, 'Gò Dầu', 0, 21, 4, 'vi', 1),
(606, 'Hòa Thành', 0, 21, 5, 'vi', 1),
(607, 'Tân Biên', 0, 21, 6, 'vi', 1),
(608, 'Tân Châu', 0, 21, 7, 'vi', 1),
(609, 'Tây Ninh', 0, 21, 8, 'vi', 1),
(610, 'Trảng Bàng', 0, 21, 9, 'vi', 1),
(766, 'Bắc Yên', 0, 22, 1, 'vi', 1),
(767, 'Mai Sơn', 0, 22, 2, 'vi', 1),
(768, 'Mộc Châu', 0, 22, 3, 'vi', 1),
(769, 'Muờng La', 0, 22, 4, 'vi', 1),
(770, 'Phù Yên', 0, 22, 5, 'vi', 1),
(771, 'Quỳnh Nhai', 0, 22, 6, 'vi', 1),
(772, 'Sơn La', 0, 22, 7, 'vi', 1),
(773, 'Sông Mã', 0, 22, 8, 'vi', 1),
(774, 'Thuận Châu', 0, 22, 9, 'vi', 1),
(775, 'Yên Châu', 0, 22, 10, 'vi', 1),
(874, 'Sốp Cộp', 0, 22, 11, 'vi', 1),
(595, 'Kế Sách', 0, 23, 1, 'vi', 1),
(596, 'Long Phú', 0, 23, 2, 'vi', 1),
(597, 'Mỹ Tú', 0, 23, 3, 'vi', 1),
(598, 'Mỹ Xuyên', 0, 23, 4, 'vi', 1),
(599, 'Sóc Trăng', 0, 23, 5, 'vi', 1),
(600, 'Thanh Trị', 0, 23, 6, 'vi', 1),
(601, 'Vĩnh Châu', 0, 23, 7, 'vi', 1),
(414, 'Cam Lộ', 0, 24, 1, 'vi', 1),
(415, 'Đa Krông', 0, 24, 2, 'vi', 1),
(416, 'Đông Hà', 0, 24, 3, 'vi', 1),
(417, 'Gio Linh', 0, 24, 4, 'vi', 1),
(418, 'Hải Lăng', 0, 24, 5, 'vi', 1),
(419, 'Hướng Hóa', 0, 24, 6, 'vi', 1),
(420, 'Quảng Trị', 0, 24, 7, 'vi', 1),
(421, 'Triệu Phong', 0, 24, 8, 'vi', 1),
(422, 'Vĩnh Linh', 0, 24, 9, 'vi', 1),
(753, 'Ba Chế', 0, 25, 1, 'vi', 1),
(754, 'Bình Liêu', 0, 25, 2, 'vi', 1),
(755, 'Cẩm Phả', 0, 25, 3, 'vi', 1),
(756, 'Cô Tô', 0, 25, 4, 'vi', 1),
(757, 'Đông Triều', 0, 25, 5, 'vi', 1),
(758, 'Hạ Long', 0, 25, 6, 'vi', 1),
(759, 'Hoành Bồ', 0, 25, 7, 'vi', 1),
(760, 'Móng Cái', 0, 25, 8, 'vi', 1),
(761, 'Quảng Hà', 0, 25, 9, 'vi', 1),
(762, 'Tiên Yên', 0, 25, 10, 'vi', 1),
(763, 'Uông Bí', 0, 25, 11, 'vi', 1),
(764, 'Vân Đồn', 0, 25, 12, 'vi', 1),
(765, 'Yên Hưng', 0, 25, 13, 'vi', 1),
(582, 'Ba Tơ', 0, 26, 1, 'vi', 1),
(583, 'Bình Sơn', 0, 26, 2, 'vi', 1),
(584, 'Đức Phổ', 0, 26, 3, 'vi', 1),
(585, 'Lý Sơn', 0, 26, 4, 'vi', 1),
(586, 'Minh Long', 0, 26, 5, 'vi', 1),
(587, 'Mộ Đức', 0, 26, 6, 'vi', 1),
(588, 'Nghĩa Hành', 0, 26, 7, 'vi', 1),
(589, 'Quãng Ngãi', 0, 26, 8, 'vi', 1),
(590, 'Sơn Hà', 0, 26, 9, 'vi', 1),
(591, 'Sơn Tây', 0, 26, 10, 'vi', 1),
(592, 'Sơn Tịnh', 0, 26, 11, 'vi', 1),
(593, 'Trà Bồng', 0, 26, 12, 'vi', 1),
(594, 'Tư Nghĩa', 0, 26, 13, 'vi', 1),
(400, 'Đại Lộc', 0, 27, 1, 'vi', 1),
(401, 'Điện Bàn', 0, 27, 2, 'vi', 1),
(402, 'Duy Xuyên', 0, 27, 3, 'vi', 1),
(403, 'Hiên', 0, 27, 4, 'vi', 1),
(404, 'Hiệp Đức', 0, 27, 5, 'vi', 1),
(405, 'Hội An', 0, 27, 6, 'vi', 1),
(406, 'Nam Giang', 0, 27, 7, 'vi', 1),
(407, 'Núi Thành', 0, 27, 8, 'vi', 1),
(408, 'Phước Sơn', 0, 27, 9, 'vi', 1),
(409, 'Quế Sơn', 0, 27, 10, 'vi', 1),
(410, 'Tam Kỳ', 0, 27, 11, 'vi', 1),
(411, 'Thăng Bình', 0, 27, 12, 'vi', 1),
(412, 'Tiên Phước', 0, 27, 13, 'vi', 1),
(413, 'Trà My', 0, 27, 14, 'vi', 1),
(747, 'Bố Trạch', 0, 28, 1, 'vi', 1),
(748, 'Đồng Hới', 0, 28, 2, 'vi', 1),
(749, 'Lệ Thủy', 0, 28, 3, 'vi', 1),
(750, 'Quảng Ninh', 0, 28, 4, 'vi', 1),
(751, 'Quảng Trạch', 0, 28, 5, 'vi', 1),
(752, 'Tuyên Hóa', 0, 28, 6, 'vi', 1),
(880, 'Minh Hóa', 0, 28, 7, 'vi', 1),
(576, 'Đồng Xuân', 0, 29, 1, 'vi', 1),
(577, 'Sơn Hòa', 0, 29, 2, 'vi', 1),
(578, 'Sông Cầu', 0, 29, 3, 'vi', 1),
(579, 'Sông Hinh', 0, 29, 4, 'vi', 1),
(580, 'Tuy An', 0, 29, 5, 'vi', 1),
(581, 'Tuy Hòa', 0, 29, 6, 'vi', 1),
(877, 'Đông Hòa', 0, 29, 7, 'vi', 1),
(878, 'Tây Hòa', 0, 29, 8, 'vi', 1),
(879, 'Phú Hòa', 0, 29, 9, 'vi', 1),
(388, 'Đoan Hùng', 0, 30, 1, 'vi', 1),
(389, 'Hạ Hòa', 0, 30, 2, 'vi', 1),
(390, 'Lâm Thao', 0, 30, 3, 'vi', 1),
(391, 'Phù Ninh', 0, 30, 4, 'vi', 1),
(392, 'Phú Thọ', 0, 30, 5, 'vi', 1),
(393, 'Sông Thao', 0, 30, 6, 'vi', 1),
(394, 'Tam Nông', 0, 30, 7, 'vi', 1),
(395, 'Thanh Ba', 0, 30, 8, 'vi', 1),
(396, 'Thanh Sơn', 0, 30, 9, 'vi', 1),
(397, 'Thanh Thủy', 0, 30, 10, 'vi', 1),
(398, 'Việt Trì', 0, 30, 11, 'vi', 1),
(399, 'Yên Lập', 0, 30, 12, 'vi', 1),
(875, 'Cẩm Khê', 0, 30, 13, 'vi', 1),
(876, 'Tân Sơn', 0, 30, 14, 'vi', 1),
(743, 'Ninh Hải', 0, 31, 1, 'vi', 1),
(744, 'Ninh Phước', 0, 31, 2, 'vi', 1),
(745, 'Ninh Sơn', 0, 31, 3, 'vi', 1),
(746, 'Phan Rang - Tháp Chàm', 0, 31, 4, 'vi', 1),
(568, 'Hoa Lư', 0, 32, 1, 'vi', 1),
(569, 'Kim Sơn', 0, 32, 2, 'vi', 1),
(571, 'Nho Quan', 0, 32, 3, 'vi', 1),
(572, 'Ninh Bình', 0, 32, 4, 'vi', 1),
(573, 'Tam Điệp', 0, 32, 5, 'vi', 1),
(574, 'Yên Khánh', 0, 32, 6, 'vi', 1),
(575, 'Yên Mô', 0, 32, 7, 'vi', 1),
(872, 'Gia Viễn', 0, 32, 8, 'vi', 1),
(369, 'Anh Sơn', 0, 33, 1, 'vi', 1),
(370, 'Con Cuông', 0, 33, 2, 'vi', 1),
(371, 'Cửa Lò', 0, 33, 3, 'vi', 1),
(372, 'Diễn Châu', 0, 33, 4, 'vi', 1),
(373, 'Đô Lương', 0, 33, 5, 'vi', 1),
(374, 'Hưng Nguyên', 0, 33, 6, 'vi', 1),
(375, 'Kỳ Sơn', 0, 33, 7, 'vi', 1),
(376, 'Nam Đàn', 0, 33, 8, 'vi', 1),
(377, 'Nghi Lộc', 0, 33, 9, 'vi', 1),
(378, 'Nghĩa Đàn', 0, 33, 10, 'vi', 1),
(379, 'Quế Phong', 0, 33, 11, 'vi', 1),
(380, 'Quỳ Châu', 0, 33, 12, 'vi', 1),
(381, 'Quỳ Hợp', 0, 33, 13, 'vi', 1),
(382, 'Quỳnh Lưu', 0, 33, 14, 'vi', 1),
(383, 'Tân Kỳ', 0, 33, 15, 'vi', 1),
(384, 'Thanh Chương', 0, 33, 16, 'vi', 1),
(385, 'Tương Dương', 0, 33, 17, 'vi', 1),
(386, 'Vinh', 0, 33, 18, 'vi', 1),
(387, 'Yên Thành', 0, 33, 19, 'vi', 1),
(883, 'Thái Hòa', 0, 33, 20, 'vi', 1),
(358, 'Giao Thủy', 0, 34, 1, 'vi', 1),
(360, 'Hải Hậu', 0, 34, 2, 'vi', 1),
(361, 'Mỹ Lộc', 0, 34, 3, 'vi', 1),
(362, 'Nam Định', 0, 34, 4, 'vi', 1),
(363, 'Nam Trực', 0, 34, 5, 'vi', 1),
(364, 'Nghĩa Hưng', 0, 34, 6, 'vi', 1),
(365, 'Trực Ninh', 0, 34, 7, 'vi', 1),
(366, 'Vụ Bản', 0, 34, 8, 'vi', 1),
(367, 'Xuân Trường', 0, 34, 9, 'vi', 1),
(368, 'Ý Yên', 0, 34, 10, 'vi', 1),
(341, 'Bến Lức', 0, 35, 1, 'vi', 1),
(344, 'Cần Đước', 0, 35, 2, 'vi', 1),
(345, 'Cần Giuộc', 0, 35, 3, 'vi', 1),
(346, 'Châu Thành', 0, 35, 4, 'vi', 1),
(347, 'Đức Hòa', 0, 35, 5, 'vi', 1),
(348, 'Đức Huệ', 0, 35, 6, 'vi', 1),
(349, 'Mộc Hóa', 0, 35, 7, 'vi', 1),
(350, 'Tân An', 0, 35, 8, 'vi', 1),
(351, 'Tân Hưng', 0, 35, 9, 'vi', 1),
(352, 'Tân Thạnh', 0, 35, 10, 'vi', 1),
(354, 'Tân Trụ', 0, 35, 11, 'vi', 1),
(355, 'Thạnh Hóa', 0, 35, 12, 'vi', 1),
(356, 'Thủ Thừa', 0, 35, 13, 'vi', 1),
(357, 'Vĩnh Hưng', 0, 35, 14, 'vi', 1),
(849, 'Liên Hưng', 0, 35, 15, 'vi', 1),
(306, 'Bắc Hà', 0, 36, 1, 'vi', 1),
(307, 'Bảo Thắng', 0, 36, 2, 'vi', 1),
(308, 'Bảo Yên', 0, 36, 3, 'vi', 1),
(309, 'Bát Xát', 0, 36, 4, 'vi', 1),
(310, 'Cam Đường', 0, 36, 5, 'vi', 1),
(311, 'Lào Cai', 0, 36, 6, 'vi', 1),
(312, 'Mường Khương', 0, 36, 7, 'vi', 1),
(313, 'Sa Pa', 0, 36, 8, 'vi', 1),
(314, 'Than Uyên', 0, 36, 9, 'vi', 1),
(315, 'Văn Bàn', 0, 36, 10, 'vi', 1),
(316, 'Xi Ma Cai', 0, 36, 11, 'vi', 1),
(328, 'Bắc Sơn', 0, 37, 1, 'vi', 1),
(329, 'Bình Gia', 0, 37, 2, 'vi', 1),
(330, 'Cao Lăng', 0, 37, 3, 'vi', 1),
(331, 'Cao Lộc', 0, 37, 4, 'vi', 1),
(332, 'Đình Lập', 0, 37, 5, 'vi', 1),
(333, 'Hữu Lũng', 0, 37, 6, 'vi', 1),
(334, 'Lạng Sơn', 0, 37, 7, 'vi', 1),
(336, 'Lộc Bình', 0, 37, 8, 'vi', 1),
(337, 'Tràng Định', 0, 37, 9, 'vi', 1),
(342, 'Văn Lãng', 0, 37, 10, 'vi', 1),
(343, 'Văn Quang', 0, 37, 11, 'vi', 1),
(317, 'Bảo Lâm', 0, 38, 1, 'vi', 1),
(318, 'Bảo Lộc', 0, 38, 2, 'vi', 1),
(319, 'Cát Tiên', 0, 38, 3, 'vi', 1),
(320, 'Đà Lạt', 0, 38, 4, 'vi', 1),
(321, 'Đạ Tẻh', 0, 38, 5, 'vi', 1),
(322, 'Đạ Huoai', 0, 38, 6, 'vi', 1),
(323, 'Di Linh', 0, 38, 7, 'vi', 1),
(324, 'Đơn Dương', 0, 38, 8, 'vi', 1),
(325, 'Đức Trọng', 0, 38, 9, 'vi', 1),
(326, 'Lạc Dương', 0, 38, 10, 'vi', 1),
(327, 'Lâm Hà', 0, 38, 11, 'vi', 1),
(296, 'Điện Biên', 0, 39, 1, 'vi', 1),
(297, 'Điện Biên Đông', 0, 39, 2, 'vi', 1),
(298, 'Điện Biên Phủ', 0, 39, 3, 'vi', 1),
(299, 'Lai Châu', 0, 39, 4, 'vi', 1),
(300, 'Mường Lay', 0, 39, 5, 'vi', 1),
(301, 'Mường Tè', 0, 39, 6, 'vi', 1),
(302, 'Phong Thổ', 0, 39, 7, 'vi', 1),
(303, 'Sìn Hồ', 0, 39, 8, 'vi', 1),
(304, 'Tủa Chùa', 0, 39, 9, 'vi', 1),
(305, 'Tuần Giáo', 0, 39, 10, 'vi', 1),
(290, 'Đắk Glei', 0, 40, 1, 'vi', 1),
(291, 'Đắk Tô', 0, 40, 2, 'vi', 1),
(292, 'Kon Plông', 0, 40, 3, 'vi', 1),
(293, 'Kon Tum', 0, 40, 4, 'vi', 1),
(294, 'Ngọc Hồi', 0, 40, 5, 'vi', 1),
(295, 'Sa Thầy', 0, 40, 6, 'vi', 1),
(715, 'Đắk Glei', 0, 40, 7, 'vi', 1),
(716, 'Đắk Hà', 0, 40, 8, 'vi', 1),
(717, 'Đắk Tô', 0, 40, 9, 'vi', 1),
(718, 'Kon Plông', 0, 40, 10, 'vi', 1),
(719, 'Kon Tum', 0, 40, 11, 'vi', 1),
(720, 'Ngọc Hồi', 0, 40, 12, 'vi', 1),
(721, 'Sa Thầy', 0, 40, 13, 'vi', 1),
(277, 'An Biên', 0, 41, 1, 'vi', 1),
(278, 'An Minh', 0, 41, 2, 'vi', 1),
(279, 'Châu Thành', 0, 41, 3, 'vi', 1),
(280, 'Gò Quao', 0, 41, 4, 'vi', 1),
(281, 'Gồng Giềng', 0, 41, 5, 'vi', 1),
(282, 'Hà Tiên', 0, 41, 6, 'vi', 1),
(283, 'Hòn Đất', 0, 41, 7, 'vi', 1),
(284, 'Kiên Hải', 0, 41, 8, 'vi', 1),
(285, 'Phú Quốc', 0, 41, 9, 'vi', 1),
(286, 'Rạch Giá', 0, 41, 10, 'vi', 1),
(287, 'Tân Hiệp', 0, 41, 11, 'vi', 1),
(288, 'Vĩnh Thuận', 0, 41, 12, 'vi', 1),
(269, 'Nha Trang', 0, 42, 1, 'vi', 1),
(270, 'Khánh Vĩnh', 0, 42, 2, 'vi', 1),
(271, 'Diên Khánh', 0, 42, 3, 'vi', 1),
(272, 'Ninh Hòa', 0, 42, 4, 'vi', 1),
(273, 'Khánh Sơn', 0, 42, 5, 'vi', 1),
(274, 'Cam Ranh', 0, 42, 6, 'vi', 1),
(275, 'Trường Sa', 0, 42, 7, 'vi', 1),
(276, 'Vạn Ninh', 0, 42, 8, 'vi', 1),
(262, 'Ân Thi', 0, 43, 1, 'vi', 1),
(263, 'Hưng Yên', 0, 43, 2, 'vi', 1),
(264, 'Khoái Châu', 0, 43, 3, 'vi', 1),
(265, 'Tiên Lữ', 0, 43, 4, 'vi', 1),
(266, 'Văn Giang', 0, 43, 5, 'vi', 1),
(267, 'Văn Lâm', 0, 43, 6, 'vi', 1),
(268, 'Yên Mỹ', 0, 43, 7, 'vi', 1),
(705, 'Ân Thi', 0, 43, 8, 'vi', 1),
(706, 'Hưng Yên', 0, 43, 9, 'vi', 1),
(707, 'Khoái Châu', 0, 43, 10, 'vi', 1),
(708, 'Kim Động', 0, 43, 11, 'vi', 1),
(709, 'Mỹ Hào', 0, 43, 12, 'vi', 1),
(710, 'Phù Cừ', 0, 43, 13, 'vi', 1),
(224, 'Đà Bắc', 0, 44, 1, 'vi', 1),
(225, 'Hòa Bình', 0, 44, 2, 'vi', 1),
(226, 'Kim Bôi', 0, 44, 3, 'vi', 1),
(227, 'Kỳ Sơn', 0, 44, 4, 'vi', 1),
(228, 'Lạc Sơn', 0, 44, 5, 'vi', 1),
(229, 'Lạc Thủy', 0, 44, 6, 'vi', 1),
(230, 'Lương Sơn', 0, 44, 7, 'vi', 1),
(231, 'Mai Châu', 0, 44, 8, 'vi', 1),
(232, 'Tân Lạc', 0, 44, 9, 'vi', 1),
(233, 'Yên Thủy', 0, 44, 10, 'vi', 1),
(873, 'Cao Phong', 0, 44, 11, 'vi', 1),
(682, 'Châu Thành', 0, 45, 1, 'vi', 1),
(683, 'Long Mỹ', 0, 45, 2, 'vi', 1),
(685, 'Phụng Hiệp', 0, 45, 3, 'vi', 1),
(687, 'Vị Thanh', 0, 45, 4, 'vi', 1),
(688, 'Vị Thủy', 0, 45, 5, 'vi', 1),
(890, 'Châu Thành A', 0, 45, 6, 'vi', 1),
(891, 'Ngã Bảy', 0, 45, 7, 'vi', 1),
(234, 'Bình Giang', 0, 46, 1, 'vi', 1),
(235, 'Cẩm Giàng', 0, 46, 2, 'vi', 1),
(236, 'Chí Linh', 0, 46, 3, 'vi', 1),
(238, 'Gia Lộc', 0, 46, 4, 'vi', 1),
(239, 'Hải Dương', 0, 46, 5, 'vi', 1),
(241, 'Kim Thành', 0, 46, 6, 'vi', 1),
(242, 'Nam Sách', 0, 46, 7, 'vi', 1),
(243, 'Ninh Giang', 0, 46, 8, 'vi', 1),
(244, 'Kinh Môn', 0, 46, 9, 'vi', 1),
(245, 'Ninh Giang', 0, 46, 10, 'vi', 1),
(246, 'Thanh Hà', 0, 46, 11, 'vi', 1),
(247, 'Thanh Miện', 0, 46, 12, 'vi', 1),
(248, 'Từ Kỳ', 0, 46, 13, 'vi', 1),
(214, 'Cẩm Xuyên', 0, 47, 1, 'vi', 1),
(215, 'Can Lộc', 0, 47, 2, 'vi', 1),
(216, 'Đức Thọ', 0, 47, 3, 'vi', 1),
(217, 'Hà Tĩnh', 0, 47, 4, 'vi', 1),
(218, 'Hồng Lĩnh', 0, 47, 5, 'vi', 1),
(219, 'Hương Khê', 0, 47, 6, 'vi', 1),
(220, 'Hương Sơn', 0, 47, 7, 'vi', 1),
(221, 'Kỳ Anh', 0, 47, 8, 'vi', 1),
(222, 'Nghi Xuân', 0, 47, 9, 'vi', 1),
(223, 'Thạch Hà', 0, 47, 10, 'vi', 1),
(881, 'Vũ Quang', 0, 47, 11, 'vi', 1),
(882, 'Lộc Hà', 0, 47, 12, 'vi', 1),
(689, 'Bình Lục', 0, 49, 1, 'vi', 1),
(690, 'Duy Tiên', 0, 49, 2, 'vi', 1),
(691, 'Kim Bảng', 0, 49, 3, 'vi', 1),
(692, 'Lý Nhân', 0, 49, 4, 'vi', 1),
(693, 'Phủ Lý', 0, 49, 5, 'vi', 1),
(694, 'Thanh Liêm', 0, 49, 6, 'vi', 1),
(498, 'Bắc Mê', 0, 50, 1, 'vi', 1),
(499, 'Bắc Quang', 0, 50, 2, 'vi', 1),
(500, 'Đồng Văn', 0, 50, 3, 'vi', 1),
(501, 'Hà Giang', 0, 50, 4, 'vi', 1),
(502, 'Hoàng Su Phì', 0, 50, 5, 'vi', 1),
(503, 'Mèo Vạt', 0, 50, 6, 'vi', 1),
(504, 'Quản Bạ', 0, 50, 7, 'vi', 1),
(505, 'Vị Xuyên', 0, 50, 8, 'vi', 1),
(506, 'Xín Mần', 0, 50, 9, 'vi', 1),
(507, 'Yên Minh', 0, 50, 10, 'vi', 1),
(187, 'An Khê', 0, 51, 1, 'vi', 1),
(188, 'Ayun Pa ', 0, 51, 2, 'vi', 1),
(189, 'Chư Păh', 0, 51, 3, 'vi', 1),
(190, 'Chư Prông  ', 0, 51, 4, 'vi', 1),
(191, 'Chư Sê ', 0, 51, 5, 'vi', 1),
(192, 'Đức Cơ  ', 0, 51, 6, 'vi', 1),
(193, 'KBang  ', 0, 51, 7, 'vi', 1),
(194, 'Krông Chro', 0, 51, 8, 'vi', 1),
(195, 'Krông Pa ', 0, 51, 9, 'vi', 1),
(196, 'La Grai  ', 0, 51, 10, 'vi', 1),
(197, 'Mang Yang ', 0, 51, 11, 'vi', 1),
(198, 'Pleiku', 0, 51, 12, 'vi', 1),
(826, 'Cao Lãnh', 0, 52, 1, 'vi', 1),
(827, 'Châu Thành', 0, 52, 2, 'vi', 1),
(828, 'Hồng Ngự', 0, 52, 3, 'vi', 1),
(829, 'Lai Vung', 0, 52, 4, 'vi', 1),
(830, 'Lấp Vò', 0, 52, 5, 'vi', 1),
(831, 'Tam Nông', 0, 52, 6, 'vi', 1),
(832, 'Tân Hồng', 0, 52, 7, 'vi', 1),
(833, 'Thanh Bình', 0, 52, 8, 'vi', 1),
(834, 'Tháp Mười', 0, 52, 9, 'vi', 1),
(835, 'Xa Đéc', 0, 52, 10, 'vi', 1),
(634, 'Biên Hòa', 0, 53, 1, 'vi', 1),
(635, 'Định Quán', 0, 53, 2, 'vi', 1),
(636, 'Long Khánh', 0, 53, 3, 'vi', 1),
(637, 'Long Thành', 0, 53, 4, 'vi', 1),
(638, 'Nhơn Trạch', 0, 53, 5, 'vi', 1),
(639, 'Tân Phú', 0, 53, 6, 'vi', 1),
(640, 'Thống Nhất', 0, 53, 7, 'vi', 1),
(641, 'Vĩnh Cừu', 0, 53, 8, 'vi', 1),
(642, 'Xuân Lộc', 0, 53, 9, 'vi', 1),
(838, 'Trảng Bom', 0, 53, 10, 'vi', 1),
(455, 'Buôn Đôn', 0, 56, 1, 'vi', 1),
(456, 'Buôn Ma Thuột', 0, 56, 2, 'vi', 1),
(457, 'Cư Jút', 0, 56, 3, 'vi', 1),
(458, 'Cư M''gar', 0, 56, 4, 'vi', 1),
(459, 'Đắk Mil', 0, 56, 5, 'vi', 1),
(460, 'Đắk Nông', 0, 56, 6, 'vi', 1),
(461, 'Đắk R''lấp', 0, 56, 7, 'vi', 1),
(462, 'Ea H''leo', 0, 56, 8, 'vi', 1),
(463, 'Ea Kra', 0, 56, 9, 'vi', 1),
(464, 'Ea Súp', 0, 56, 10, 'vi', 1),
(465, 'Krông A Na', 0, 56, 11, 'vi', 1),
(466, 'Krông Bông', 0, 56, 12, 'vi', 1),
(467, 'Krông Búk', 0, 56, 13, 'vi', 1),
(468, 'Krông Năng', 0, 56, 14, 'vi', 1),
(469, 'Krông Nô', 0, 56, 15, 'vi', 1),
(470, 'Krông Pắc', 0, 56, 16, 'vi', 1),
(471, 'Lắk', 0, 56, 17, 'vi', 1),
(472, 'M''Đrắt', 0, 56, 18, 'vi', 1),
(176, 'Bảo Lạc', 0, 57, 1, 'vi', 1),
(177, 'Cao Bắng', 0, 57, 2, 'vi', 1),
(178, 'Hạ Lang', 0, 57, 3, 'vi', 1),
(179, 'Hà Quảng', 0, 57, 4, 'vi', 1),
(180, 'Hòa An', 0, 57, 5, 'vi', 1),
(181, 'Nguyên Bình', 0, 57, 6, 'vi', 1),
(182, 'Quảng Hòa', 0, 57, 7, 'vi', 1),
(183, 'Thạch An', 0, 57, 8, 'vi', 1),
(184, 'Thông Nông', 0, 57, 9, 'vi', 1),
(185, 'Trà Lĩnh', 0, 57, 10, 'vi', 1),
(186, 'Trùng Khánh', 0, 57, 11, 'vi', 1),
(491, 'Cà Mau', 0, 58, 1, 'vi', 1),
(492, 'Cái Nước', 0, 58, 2, 'vi', 1),
(493, 'Đầm Dơi', 0, 58, 3, 'vi', 1),
(494, 'Ngọc Hiển', 0, 58, 4, 'vi', 1),
(495, 'Thới Bình', 0, 58, 5, 'vi', 1),
(496, 'Trần Văn Thời', 0, 58, 6, 'vi', 1),
(497, 'U Minh', 0, 58, 7, 'vi', 1),
(887, 'Năm Căn', 0, 58, 8, 'vi', 1),
(888, 'Phú Tân', 0, 58, 9, 'vi', 1),
(654, 'Bắc Bình', 0, 59, 1, 'vi', 1),
(655, 'Đức Linh', 0, 59, 2, 'vi', 1),
(656, 'Hàm Tân', 0, 59, 3, 'vi', 1),
(657, 'Hàm Thuận Bắc', 0, 59, 4, 'vi', 1),
(658, 'Hàm Thuận Nam', 0, 59, 5, 'vi', 1),
(659, 'Phan Thiết', 0, 59, 6, 'vi', 1),
(660, 'Phú Quí', 0, 59, 7, 'vi', 1),
(661, 'Tánh Linh', 0, 59, 8, 'vi', 1),
(662, 'Tuy Phong', 0, 59, 9, 'vi', 1),
(897, 'La Gi', 0, 59, 10, 'vi', 1),
(836, 'Bình Long', 0, 60, 1, 'vi', 1),
(839, 'Phước Long', 0, 60, 2, 'vi', 1),
(851, 'Bù Ðăng', 0, 60, 3, 'vi', 1),
(852, 'Chơn Thành', 0, 60, 4, 'vi', 1),
(473, 'Bến Cát', 0, 61, 1, 'vi', 1),
(474, 'Dầu Tiếng', 0, 61, 2, 'vi', 1),
(475, 'Dĩ An', 0, 61, 3, 'vi', 1),
(476, 'Tân Uyên', 0, 61, 4, 'vi', 1),
(477, 'Thủ Dầu Một', 0, 61, 5, 'vi', 1),
(478, 'Thuận An', 0, 61, 6, 'vi', 1),
(841, 'Lái Thiêu', 0, 61, 7, 'vi', 1),
(896, 'Phú Giáo', 0, 61, 8, 'vi', 1),
(158, 'An Lão', 0, 62, 1, 'vi', 1),
(159, 'An Nhơn', 0, 62, 2, 'vi', 1),
(160, 'Hoài Ân', 0, 62, 3, 'vi', 1),
(161, 'Hoài Nhơn', 0, 62, 4, 'vi', 1),
(162, 'Phù Cát', 0, 62, 5, 'vi', 1),
(163, 'Phù Mỹ', 0, 62, 6, 'vi', 1),
(164, 'Qui Nhơn', 0, 62, 7, 'vi', 1),
(165, 'Tây Sơn', 0, 62, 8, 'vi', 1),
(166, 'Tuy Phước', 0, 62, 9, 'vi', 1),
(167, 'Vân Canh', 0, 62, 10, 'vi', 1),
(168, 'Vĩnh Thạnh', 0, 62, 11, 'vi', 1),
(673, 'Ba Tri', 0, 63, 1, 'vi', 1),
(674, 'Bến Tre', 0, 63, 2, 'vi', 1),
(675, 'Bình Đại', 0, 63, 3, 'vi', 1),
(676, 'Châu Thành', 0, 63, 4, 'vi', 1),
(677, 'Chợ Lách', 0, 63, 5, 'vi', 1),
(678, 'Giồng Trôm', 0, 63, 6, 'vi', 1),
(679, 'Mỏ Cày', 0, 63, 7, 'vi', 1),
(680, 'Thạnh Phú', 0, 63, 8, 'vi', 1),
(483, 'Bắc Ninh', 0, 64, 1, 'vi', 1),
(484, 'Gia Bình', 0, 64, 2, 'vi', 1),
(485, 'Lương Tài', 0, 64, 3, 'vi', 1),
(486, 'Quế Võ', 0, 64, 4, 'vi', 1),
(487, 'Thuận Thành', 0, 64, 5, 'vi', 1),
(488, 'Tiên Du', 0, 64, 6, 'vi', 1),
(489, 'Từ Sơn', 0, 64, 7, 'vi', 1),
(490, 'Yên Phong', 0, 64, 8, 'vi', 1),
(479, 'Bạc Liêu', 0, 65, 1, 'vi', 1),
(480, 'Giá Rai', 0, 65, 2, 'vi', 1),
(481, 'Hồng Dân', 0, 65, 3, 'vi', 1),
(482, 'Vĩnh Lợi', 0, 65, 4, 'vi', 1),
(884, 'Phước Long', 0, 65, 5, 'vi', 1),
(885, 'Đông Hải', 0, 65, 6, 'vi', 1),
(886, 'Hòa Bình', 0, 65, 7, 'vi', 1),
(169, 'Ba Bể', 0, 66, 1, 'vi', 1),
(170, 'Bắc Kạn', 0, 66, 2, 'vi', 1),
(171, 'Bạch Thông ', 0, 66, 3, 'vi', 1),
(172, 'Chợ Đồn', 0, 66, 4, 'vi', 1),
(173, 'Chợ Mới', 0, 66, 5, 'vi', 1),
(174, 'Na Rì', 0, 66, 6, 'vi', 1),
(175, 'Ngân Sơn', 0, 66, 7, 'vi', 1),
(663, 'Bắc Giang', 0, 67, 1, 'vi', 1),
(664, 'Hiệp Hòa', 0, 67, 2, 'vi', 1),
(665, 'Lạng Giang', 0, 67, 3, 'vi', 1),
(666, 'Lục Nam', 0, 67, 4, 'vi', 1),
(667, 'Lục Ngạn', 0, 67, 5, 'vi', 1),
(668, 'Sơn Động', 0, 67, 6, 'vi', 1),
(669, 'Tân Yên', 0, 67, 7, 'vi', 1),
(670, 'Việt Yên', 0, 67, 8, 'vi', 1),
(671, 'Yên Dũng', 0, 67, 9, 'vi', 1),
(672, 'Yên Thế', 0, 67, 10, 'vi', 1),
(151, 'Bà Rịa', 0, 68, 1, 'vi', 1),
(152, 'Châu Đất', 0, 68, 2, 'vi', 1),
(153, 'Côn Đảo', 0, 68, 3, 'vi', 1),
(154, 'Long Đất', 0, 68, 4, 'vi', 1),
(155, 'Tân Thành', 0, 68, 5, 'vi', 1),
(156, 'Vũng Tàu', 0, 68, 6, 'vi', 1),
(157, 'Xuyên Mộc', 0, 68, 7, 'vi', 1),
(898, 'Long Điền', 0, 68, 8, 'vi', 1),
(899, 'Đất Đỏ', 0, 68, 9, 'vi', 1),
(643, 'An Phú', 0, 69, 1, 'vi', 1),
(644, 'Châu Đốc', 0, 69, 2, 'vi', 1),
(645, 'Châu Phú', 0, 69, 3, 'vi', 1),
(646, 'Châu Thành', 0, 69, 4, 'vi', 1),
(647, 'Chợ Mới', 0, 69, 5, 'vi', 1),
(648, 'Long Xuyên', 0, 69, 6, 'vi', 1),
(649, 'Phú Tân', 0, 69, 7, 'vi', 1),
(650, 'Tân Châu', 0, 69, 8, 'vi', 1),
(651, 'Thoại Sơn', 0, 69, 9, 'vi', 1),
(652, 'Tịnh Biên', 0, 69, 10, 'vi', 1),
(653, 'Tri Tôn', 0, 69, 11, 'vi', 1),
(249, 'An Hải', 0, 70, 1, 'vi', 1),
(250, 'An Lão', 0, 70, 2, 'vi', 1),
(251, 'Bạch Long Vỹ', 0, 70, 3, 'vi', 1),
(253, 'Đồ Sơn', 0, 70, 4, 'vi', 1),
(254, 'Hồng Bàng', 0, 70, 5, 'vi', 1),
(255, 'Kiến An', 0, 70, 6, 'vi', 1),
(256, 'Kiến Thụy', 0, 70, 7, 'vi', 1),
(257, 'Lê Chân', 0, 70, 8, 'vi', 1),
(258, 'Ngô Quyền', 0, 70, 9, 'vi', 1),
(259, 'Thủy Nguyên', 0, 70, 10, 'vi', 1),
(260, 'Tiên Lãng', 0, 70, 11, 'vi', 1),
(261, 'Vĩnh Bảo', 0, 70, 12, 'vi', 1),
(854, 'Cát Bà', 0, 70, 13, 'vi', 1),
(900, 'Dương Kinh', 0, 70, 14, 'vi', 1),
(819, 'Đảo Hòang Sa', 0, 71, 1, 'vi', 1),
(820, 'Hải Châu', 0, 71, 2, 'vi', 1),
(821, 'Hòa Vang', 0, 71, 3, 'vi', 1),
(822, 'Liên Chiểu', 0, 71, 4, 'vi', 1),
(823, 'Ngũ Hành Sơn', 0, 71, 5, 'vi', 1),
(824, 'Sơn Trà', 0, 71, 6, 'vi', 1),
(825, 'Thanh Khê', 0, 71, 7, 'vi', 1),
(844, 'Cẩm Lệ', 0, 71, 8, 'vi', 1),
(681, 'Cần Thơ', 0, 72, 1, 'vi', 1),
(684, 'Ô Môn', 0, 72, 2, 'vi', 1),
(686, 'Thốt Nốt', 0, 72, 3, 'vi', 1),
(837, 'Ninh Kiều', 0, 72, 4, 'vi', 1),
(848, 'Cái Răng', 0, 72, 5, 'vi', 1),
(855, 'Bình Thủy', 0, 72, 6, 'vi', 1),
(892, 'Phong Điền', 0, 72, 7, 'vi', 1),
(893, 'Cờ Đỏ', 0, 72, 8, 'vi', 1),
(894, 'Thới Lai', 0, 72, 9, 'vi', 1),
(895, 'Vĩnh Thạnh', 0, 72, 10, 'vi', 1);

-- --------------------------------------------------------

--
-- Table structure for table `web_listsendmail`
--

CREATE TABLE IF NOT EXISTS `web_listsendmail` (
`id` int(2) NOT NULL,
  `name` varchar(20) NOT NULL,
  `email` varchar(50) NOT NULL,
  `lang` varchar(3) NOT NULL DEFAULT 'vi',
  `status` tinyint(1) DEFAULT '1'
) ENGINE=MyISAM AUTO_INCREMENT=5 DEFAULT CHARSET=utf8;

--
-- Dumping data for table `web_listsendmail`
--

INSERT INTO `web_listsendmail` (`id`, `name`, `email`, `lang`, `status`) VALUES
(1, 'Tú', 'consultant1@netspace.edu.vn', 'vi', 1),
(2, 'Thanh', 'consultant2@netspace.edu.vn', 'vi', 1),
(3, 'Khắc', 'consultant3@netspace.edu.vn', 'vi', 1),
(4, 'Tiên', 'consultant4@netspace.edu.vn', 'vi', 1);

-- --------------------------------------------------------

--
-- Table structure for table `web_logs`
--

CREATE TABLE IF NOT EXISTS `web_logs` (
`id` int(11) NOT NULL,
  `name` varchar(250) NOT NULL,
  `action` varchar(30) NOT NULL,
  `table` varchar(30) NOT NULL,
  `datetime` bigint(10) NOT NULL,
  `username` varchar(20) NOT NULL,
  `content` text,
  `lang` varchar(2) NOT NULL DEFAULT 'vi',
  `status` tinyint(1) NOT NULL DEFAULT '0',
  `date_restore` bigint(10) DEFAULT NULL,
  `user_restore` varchar(20) DEFAULT NULL
) ENGINE=InnoDB DEFAULT CHARSET=utf8;

-- --------------------------------------------------------

--
-- Table structure for table `web_menu`
--

CREATE TABLE IF NOT EXISTS `web_menu` (
`id` int(3) NOT NULL,
  `name` varchar(100) NOT NULL,
  `name_alias` varchar(100) NOT NULL,
  `url` varchar(150) NOT NULL,
  `img_avatar` varchar(25) DEFAULT NULL,
  `img_arr` varchar(250) DEFAULT NULL,
  `title` varchar(200) DEFAULT NULL,
  `description` varchar(250) DEFAULT NULL,
  `tags` varchar(150) DEFAULT NULL,
  `parent` int(3) NOT NULL DEFAULT '0',
  `order` int(3) DEFAULT '0',
  `other` tinyint(1) DEFAULT '0',
  `lang` varchar(2) NOT NULL DEFAULT 'vi',
  `status` tinyint(1) DEFAULT '1',
  `type_id` int(1) NOT NULL,
  `position_id` varchar(10) NOT NULL
) ENGINE=MyISAM AUTO_INCREMENT=21 DEFAULT CHARSET=utf8;

--
-- Dumping data for table `web_menu`
--

INSERT INTO `web_menu` (`id`, `name`, `name_alias`, `url`, `img_avatar`, `img_arr`, `title`, `description`, `tags`, `parent`, `order`, `other`, `lang`, `status`, `type_id`, `position_id`) VALUES
(2, 'Giới thiệu', 'gioi-thieu', 'gioi-thieu/', '', '', 'Giới thiệu nhận tiệc Hoa Mai', 'Giới thiệu nhận tiệc Hoa Mai', 'giới thiệu nhận tiệc hoa mai,gioi thieu nhan tiec hoa mai', 0, 2, 0, 'vi', 1, 2, ',2,3,'),
(3, 'Liên hệ', 'lien-he', 'lien-he/', '', '', 'Dịch vụ nấu tiệc Hoa Mai', 'Vui lòng liên hệ với chúng tôi để được tư vấn tốt nhất.', 'dịch vụ nấu tiệc hoa mai,dich vu nau tiec hoa mai', 0, 9, 0, 'vi', 1, 13, ',2,3,'),
(6, 'Dịch vụ trọn gói', 'dich-vu-tron-goi', 'dich-vu-tron-goi/', '', '', 'Dịch vụ nhận tiệc trọn gói', 'Hiện nay, tại Hoa Mai chúng tôi tạo ra nhiều gói dịch vụ, phục vụ cho hầu hết các nhu cầu của khách hàng, dễ dàng lựa chọn với giá cả phù hợp, và đặc biệt được chính các chuyên gia ẩm thực đảm nhiệm.', 'dịch vụ nhận tiệc trọn gói,dich vu nhan tiec tron goi', 0, 4, 1, 'vi', 1, 4, ',2,3,'),
(7, 'Menu tiệc', 'menu-tiec', 'menu-tiec/', '', '', 'Menu tiệc Hoa Mai', 'Chọn món ăn cho buổi tiệc chiêu đãi là rất quan trọng, với một số khách hàng chọn món quả thực mất rất nhiều thời gian. Chúng tôi thấu hiểu công việc khó khăn này nên đã thiết kế sẵn nhiều menu giúp quý dễ dàng lựa chọn.', 'menu tiệc hoa mai,menu tiec hoa mai', 0, 3, 0, 'vi', 1, 3, ',2,3,'),
(8, 'Khuyến mãi', 'khuyen-mai', 'khuyen-mai/', '', '', 'Khuyến mãi đặt tiệc', 'Dịch vụ nhận tiệc Hoa Mai xin gởi đến cô dâu, chú rể cùng toàn thể gia đình lời chúc tốt đẹp nhất. Dịch vụ chúng tôi xin có những phần quà tặng như sau thay cho lời chúc mừng trong ngày hạnh phúc', 'khuyến mãi đặt tiệc,khuyen mai dat tiec', 0, 5, 1, 'vi', 1, 2, ',2,3,'),
(9, 'Hình ảnh', 'thu-vien-hinh-anh', 'thu-vien-hinh-anh/', '', '', 'Thư viện hình ảnh đặt tiệc', 'Thư viện hình ảnh giới thiệu toàn cảnh của buổi tiệc do Hoa Mai phục vụ, không gian tổ chức tiệc, và cả cung cách chúng tôi phục vụ.', 'thư viện hình ảnh đặt tiệc,thu vien hinh anh dat tiec', 0, 6, 0, 'vi', 1, 5, ',2,3,'),
(10, 'Home', 'home', '/?lang=en', '', NULL, 'Home', 'Home', 'Home', 0, 1, 0, 'en', 1, 0, ''),
(11, 'About US', 'about-us', 'about-us/', '', NULL, 'About US', 'About US', 'About US', 0, 2, 0, 'en', 1, 0, ''),
(12, 'Products', 'products', 'products/', '', NULL, 'Products', 'Products', 'Products', 0, 3, 0, 'en', 1, 0, ''),
(13, 'Bài viết', 'bai-viet', 'bai-viet/', '', '', 'Thông tin dịch vụ nhận đặt tiệc Hoa Mai', 'Thông tin đặt tiệc, dịch vụ Hoa Mai chuyên nhận tiệc tại nhà', 'thông tin dịch vụ nhận đặt tiệc hoa mai,thong tin dich vu nhan dat tiec hoa mai', 0, 8, 0, 'vi', 1, 2, ',2,3,'),
(16, 'Video', 'thu-vien-video', 'thu-vien-video/', '', '', 'Thư viện video đặt tiệc', 'Nhằm cung cấp những thông tin trung thực, khách quan, chúng tôi giới thiệu qua hệ thống website Nhận Tiệc những video cảm nhận của thực khách ngay sau buổi đãi tiệc.', 'thư viện video đặt tiệc,thu vien video dat tiec', 0, 7, 0, 'vi', 1, 6, ',2,3,'),
(19, 'Facebook', 'facebook', 'javascript:;', 'social-f.jpg', '', 'Facebook', 'Facebook', 'Facebook', 0, 101, 0, 'vi', 1, 14, ',6,'),
(1, 'Trang chủ', 'trang-chu', 'http://localhost/all/nhantiec/', '', '', 'Nhận tiệc Hoa Mai', 'Nhận tiệc Hoa Mai', 'Nhận tiệc Hoa Mai', 0, 1, 0, 'vi', 1, 1, ',2,3,'),
(20, 'Youtube', 'youtube', 'javascript:;', 'social-p.jpg', '', 'Youtube', 'Youtube', 'Youtube', 0, 102, 0, 'vi', 1, 14, ',6,');

-- --------------------------------------------------------

--
-- Table structure for table `web_menu_admin`
--

CREATE TABLE IF NOT EXISTS `web_menu_admin` (
`id` int(3) NOT NULL,
  `name` varchar(100) NOT NULL,
  `url` varchar(150) NOT NULL,
  `url_img` varchar(150) DEFAULT NULL,
  `order` int(3) DEFAULT '0',
  `other` tinyint(1) DEFAULT '0',
  `ajax` varchar(100) DEFAULT NULL,
  `status` tinyint(1) DEFAULT '1'
) ENGINE=MyISAM AUTO_INCREMENT=24 DEFAULT CHARSET=utf8;

--
-- Dumping data for table `web_menu_admin`
--

INSERT INTO `web_menu_admin` (`id`, `name`, `url`, `url_img`, `order`, `other`, `ajax`, `status`) VALUES
(1, 'Trang chủ', 'home', 'icon-home.jpg', 1, 0, NULL, 1),
(2, 'Cấu hình website', 'web_config', 'icon-cau-hinh.jpg', 2, 1, NULL, 1),
(3, 'Danh mục menu', 'web_menu', 'icon-menu.jpg', 3, 0, NULL, 1),
(4, 'Thông tin, bài viết', 'web_article', 'icon-info.jpg', 4, 0, NULL, 1),
(5, 'Menu tiệc', 'web_product', 'icon-product.jpg', 5, 0, NULL, 1),
(6, 'Thư viện ảnh', 'web_photo', 'icon-thu-vien-anh.jpg', 6, 0, NULL, 1),
(7, 'Thư viện video', 'web_video', 'icon-thu-vien-video.jpg', 7, 0, NULL, 1),
(8, 'Slider & banner', 'web_slider_banner', 'icon-slider-banner.jpg', 8, 1, NULL, 1),
(9, 'DS Tỉnh - Thành', 'web_listcity', 'icon-city.jpg', 9, 0, NULL, 1),
(10, 'DS Quận - Huyện', 'web_listdistricts', 'icon-districts.jpg', 10, 0, NULL, 1),
(11, 'Đơn đặt hàng', 'web_product_order', 'icon-order.jpg', 11, 0, '<span id="web_product_order" class="ajax_thongtin"></span>', 1),
(12, 'Đơn đặt hàng chi tiết', 'web_product_order_detail', 'icon-order-detail.jpg', 12, 1, NULL, 1),
(13, 'Item 13', '', 'icon-tuyen-dung-thong-tin.jpg', 13, 0, NULL, 0),
(14, 'Item 14', '', 'icon-contact.jpg', 14, 0, NULL, 0),
(15, 'Item 15', '', 'icon-tuyendung-ho-so.jpg', 15, 0, NULL, 0),
(16, 'Item 16', '', '', 16, 0, NULL, 0),
(17, 'Item 17', '', '', 17, 0, NULL, 0),
(18, 'Item 18', '', '', 18, 0, NULL, 0),
(19, 'Item 19', '', '', 19, 0, NULL, 0),
(20, 'Loại danh mục', 'web_menu_type', 'icon-item.jpg', 2, 0, NULL, 1),
(21, 'Liên hệ trực tuyến', 'web_contact', 'icon-lien-he.jpg', 21, 0, '<span id="web_contact" class="ajax_thongtin"></span>', 1),
(22, 'Event logs', 'web_logs', 'icon-logs.jpg', 22, 0, '', 1),
(23, 'Tài khoản', 'web_users', 'icon-account.jpg', 100, 0, NULL, 1);

-- --------------------------------------------------------

--
-- Table structure for table `web_menu_position`
--

CREATE TABLE IF NOT EXISTS `web_menu_position` (
`id` int(3) NOT NULL,
  `name` varchar(100) NOT NULL,
  `order` int(1) NOT NULL DEFAULT '0',
  `status` tinyint(1) DEFAULT '0'
) ENGINE=MyISAM AUTO_INCREMENT=10 DEFAULT CHARSET=utf8;

--
-- Dumping data for table `web_menu_position`
--

INSERT INTO `web_menu_position` (`id`, `name`, `order`, `status`) VALUES
(1, 'Top', 1, 0),
(2, 'Main', 2, 1),
(3, 'Bottom', 3, 1),
(4, 'Left', 4, 1),
(5, 'Right', 5, 0),
(6, 'Social', 6, 1),
(7, 'Other 1', 7, 0),
(8, 'Other 2', 8, 0),
(9, 'Không', 9, 1);

-- --------------------------------------------------------

--
-- Table structure for table `web_menu_type`
--

CREATE TABLE IF NOT EXISTS `web_menu_type` (
`id` int(3) NOT NULL,
  `name` varchar(20) NOT NULL,
  `description` varchar(30) NOT NULL,
  `table_data` varchar(30) DEFAULT NULL,
  `url_img` varchar(100) NOT NULL,
  `url_img_thumb` varchar(100) NOT NULL,
  `lang` varchar(2) NOT NULL DEFAULT 'vi',
  `order` int(2) NOT NULL,
  `status` tinyint(1) DEFAULT '0'
) ENGINE=MyISAM AUTO_INCREMENT=15 DEFAULT CHARSET=utf8;

--
-- Dumping data for table `web_menu_type`
--

INSERT INTO `web_menu_type` (`id`, `name`, `description`, `table_data`, `url_img`, `url_img_thumb`, `lang`, `order`, `status`) VALUES
(1, 'site', 'Trang chủ', NULL, '', '', 'vi', 1, 1),
(2, 'article', 'Thông tin bài viết', 'web_article', 'public/images/articles/', 'public/_thumbs/Images/articles/', 'vi', 2, 1),
(3, 'product', 'Menu tiệc', 'web_product', 'public/images/products/', 'public/_thumbs/Images/products/', 'vi', 3, 1),
(4, 'service', 'Dịch vụ', 'web_article', 'public/images/articles/', 'public/_thumbs/Images/articles/', 'vi', 4, 1),
(5, 'photo', 'Hình ảnh', 'web_photo', 'public/images/photos/', 'public/_thumbs/Images/photos/', 'vi', 5, 1),
(6, 'video', 'Video', 'web_video', 'public/images/videos/', 'public/_thumbs/Images/videos/', 'vi', 6, 1),
(7, 'item_1', 'Item 1', NULL, '', '', 'vi', 7, 0),
(8, 'item_2', 'Item 2', NULL, '', '', 'vi', 8, 0),
(9, 'item_3', 'Item 3', NULL, '', '', 'vi', 9, 0),
(10, 'item_4', 'Item 4', NULL, '', '', 'vi', 10, 0),
(11, 'catalog', 'Danh mục menu', 'web_menu', 'public/images/catalog/', 'public/_thumbs/Images/catalog/', 'vi', 11, 1),
(12, 'slider_banner', 'Slider - Banner', 'web_slider_banner', 'public/images/slider-banner/', 'public/_thumbs/Images/slider-banner/', 'vi', 12, 1),
(13, 'contact', 'Liên hệ', NULL, '', '', 'vi', 13, 1),
(14, 'no', 'Không', NULL, '', '', 'vi', 14, 1);

-- --------------------------------------------------------

--
-- Table structure for table `web_photo`
--

CREATE TABLE IF NOT EXISTS `web_photo` (
`id` int(11) NOT NULL,
  `name` varchar(250) NOT NULL,
  `img_avatar` varchar(150) NOT NULL,
  `order` int(3) NOT NULL DEFAULT '0',
  `lang` varchar(2) NOT NULL DEFAULT 'vi',
  `status` tinyint(1) DEFAULT '1',
  `menu_id` varchar(20) NOT NULL
) ENGINE=MyISAM AUTO_INCREMENT=4 DEFAULT CHARSET=utf8;

-- --------------------------------------------------------

--
-- Table structure for table `web_product`
--

CREATE TABLE IF NOT EXISTS `web_product` (
`id` int(11) NOT NULL,
  `name` varchar(250) NOT NULL,
  `name_alias` varchar(250) NOT NULL,
  `code` varchar(10) NOT NULL,
  `url` varchar(250) NOT NULL,
  `img_avatar` varchar(25) NOT NULL,
  `img_arr` varchar(250) NOT NULL,
  `description` varchar(300) NOT NULL,
  `tags` varchar(250) NOT NULL,
  `price` varchar(20) NOT NULL,
  `price_cost` int(7) DEFAULT NULL,
  `content` text NOT NULL,
  `danhsachmon` text,
  `other` tinyint(1) DEFAULT '0',
  `datetime` bigint(10) NOT NULL,
  `lang` varchar(2) NOT NULL DEFAULT 'vi',
  `status` tinyint(1) DEFAULT '1',
  `menu_id` varchar(20) NOT NULL
) ENGINE=MyISAM AUTO_INCREMENT=9 DEFAULT CHARSET=utf8;

--
-- Dumping data for table `web_product`
--

INSERT INTO `web_product` (`id`, `name`, `name_alias`, `code`, `url`, `img_avatar`, `img_arr`, `description`, `tags`, `price`, `price_cost`, `content`, `danhsachmon`, `other`, `datetime`, `lang`, `status`, `menu_id`) VALUES
(7, 'Menu tiệc cưới trọn gói 02', 'menu-tiec-cuoi-tron-goi-02', '', 'menu-tiec/menu-tiec-cuoi-tron-goi-02.html', '1425874550.jpg', '1425874550.jpg,', 'Lorem ipsum dolor sit amet, consectet adipiscing elit. Vivamus convis dapibus magna. Proin eu justo ut massa molestie pellent. In hastel habitasse platea dictumst. Ut arcu. Maecenas sed ante. In hacei haasse platea dictumst.', 'menu tiệc cưới trọn gói 02,menu tiec cuoi tron goi 02', '1.5 triệu', NULL, '', NULL, 0, 1425631620, 'vi', 1, ',7,'),
(8, 'Menu tiệc cưới trọn gói 01', 'menu-tiec-cuoi-tron-goi-01', '', 'menu-tiec/menu-tiec-cuoi-tron-goi-01.html', '1425874542.jpg', '1425874542.jpg,', 'Lorem ipsum dolor sit amet, consectet adipiscing elit. Vivamus convis dapibus magna. Proin eu justo ut massa molestie pellent. In hastel habitasse platea dictumst. Ut arcu. Maecenas sed ante. In hacei haasse platea dictumst.', 'menu tiệc cưới trọn gói 01,menu tiec cuoi tron goi 01', '1 triệu', NULL, '<p>Các món abc</p>\r\n', '<ol>\r\n	<li>Sắc Cầm Hòa Hợp - Mực Bách Hoa - Nem Cua Bể</li>\r\n	<li>Gà Nướng Cung Đình</li>\r\n	<li>Cua Lột Sốt Me Tươi&nbsp;&nbsp; &nbsp;</li>\r\n	<li>Tôm Hoàng Kim</li>\r\n	<li>Lẩu Cá Tầm&nbsp;&nbsp; &nbsp;</li>\r\n	<li>Tráng Miệng: Trái Cây&nbsp;&nbsp;&nbsp;</li>\r\n</ol>\r\n', 0, 1425631680, 'vi', 1, ',7,'),
(3, 'Menu tiệc cưới trọn gói 06', 'menu-tiec-cuoi-tron-goi-06', '', 'menu-tiec/menu-tiec-cuoi-tron-goi-06.html', '1425874580.jpg', '1425874580.jpg,', 'Lorem ipsum dolor sit amet, consectet adipiscing elit. Vivamus convis dapibus magna. Proin eu justo ut massa molestie pellent. In hastel habitasse platea dictumst. Ut arcu. Maecenas sed ante. In hacei haasse platea dictumst.', 'menu tiệc cưới trọn gói 06,menu tiec cuoi tron goi 06', '2 triệu', NULL, '', NULL, 0, 1425631500, 'vi', 1, ',7,'),
(4, 'Menu tiệc cưới trọn gói 05', 'menu-tiec-cuoi-tron-goi-05', '', 'menu-tiec/menu-tiec-cuoi-tron-goi-05.html', '1425874573.jpg', '1425874573.jpg,', 'Lorem ipsum dolor sit amet, consectet adipiscing elit. Vivamus convis dapibus magna. Proin eu justo ut massa molestie pellent. In hastel habitasse platea dictumst. Ut arcu. Maecenas sed ante. In hacei haasse platea dictumst.', 'menu tiệc cưới trọn gói 05,menu tiec cuoi tron goi 05', '2.5 triệu', NULL, '', NULL, 0, 1425631620, 'vi', 1, ',7,'),
(5, 'Menu tiệc cưới trọn gói 04', 'menu-tiec-cuoi-tron-goi-04', '', 'menu-tiec/menu-tiec-cuoi-tron-goi-04.html', '1425874565.jpg', '1425874565.jpg,', 'Lorem ipsum dolor sit amet, consectet adipiscing elit. Vivamus convis dapibus magna. Proin eu justo ut massa molestie pellent. In hastel habitasse platea dictumst. Ut arcu. Maecenas sed ante. In hacei haasse platea dictumst.', 'menu tiệc cưới trọn gói 04,menu tiec cuoi tron goi 04', '0', NULL, '', NULL, 0, 1425631620, 'vi', 1, ',7,'),
(6, 'Menu tiệc cưới trọn gói 03', 'menu-tiec-cuoi-tron-goi-03', '', 'menu-tiec/menu-tiec-cuoi-tron-goi-03.html', '1425874558.jpg', '1425874558.jpg,', 'Lorem ipsum dolor sit amet, consectet adipiscing elit. Vivamus convis dapibus magna. Proin eu justo ut massa molestie pellent. In hastel habitasse platea dictumst. Ut arcu. Maecenas sed ante. In hacei haasse platea dictumst.', 'menu tiệc cưới trọn gói 03,menu tiec cuoi tron goi 03', '0', NULL, '', NULL, 0, 1425631620, 'vi', 1, ',7,');

-- --------------------------------------------------------

--
-- Table structure for table `web_product_order`
--

CREATE TABLE IF NOT EXISTS `web_product_order` (
`id` int(11) NOT NULL,
  `name` varchar(250) NOT NULL,
  `email` varchar(80) NOT NULL,
  `phone` varchar(20) NOT NULL,
  `address` varchar(200) NOT NULL,
  `total_current` int(9) NOT NULL,
  `total_number` int(4) NOT NULL,
  `deliverycosts` int(8) NOT NULL DEFAULT '0',
  `discounts` int(8) NOT NULL DEFAULT '0',
  `total` int(8) NOT NULL,
  `datetime` bigint(10) NOT NULL,
  `other` varchar(250) DEFAULT NULL,
  `lang` varchar(2) NOT NULL DEFAULT 'vi',
  `status` tinyint(1) DEFAULT '1',
  `city_id` int(3) NOT NULL,
  `districts_id` int(5) NOT NULL
) ENGINE=MyISAM AUTO_INCREMENT=6 DEFAULT CHARSET=utf8;

--
-- Dumping data for table `web_product_order`
--

INSERT INTO `web_product_order` (`id`, `name`, `email`, `phone`, `address`, `total_current`, `total_number`, `deliverycosts`, `discounts`, `total`, `datetime`, `other`, `lang`, `status`, `city_id`, `districts_id`) VALUES
(5, 'Nhan', 'hieunhan@yahoo.com', '0988 388 003', '12 CMT 8', 700000, 3, 5000, 0, 705000, 1409024803, '333', 'vi', 0, 3, 136),
(4, 'Nhan', 'hieunhan@yahoo.com', '0988 388 003', '12 CMT 8', 200000, 1, 5000, 0, 205000, 1409024551, '111', 'vi', 0, 3, 136);

-- --------------------------------------------------------

--
-- Table structure for table `web_product_order_detail`
--

CREATE TABLE IF NOT EXISTS `web_product_order_detail` (
`id` int(11) NOT NULL,
  `name` varchar(250) NOT NULL,
  `number` int(4) NOT NULL,
  `price` int(8) NOT NULL,
  `discounts` int(8) NOT NULL DEFAULT '0',
  `total` int(8) NOT NULL,
  `lang` varchar(2) NOT NULL DEFAULT 'vi',
  `status` tinyint(1) DEFAULT '1',
  `product_id` int(11) NOT NULL,
  `order_id` int(11) NOT NULL
) ENGINE=MyISAM AUTO_INCREMENT=38 DEFAULT CHARSET=utf8;

--
-- Dumping data for table `web_product_order_detail`
--

INSERT INTO `web_product_order_detail` (`id`, `name`, `number`, `price`, `discounts`, `total`, `lang`, `status`, `product_id`, `order_id`) VALUES
(37, 'Mùng chống muỗi tam giác ba dây trắng', 2, 250000, 0, 500000, 'vi', 1, 2, 1409024803),
(36, 'Mùng chống muỗi hình nón', 1, 200000, 0, 200000, 'vi', 1, 1, 1409024803),
(35, 'Mùng chống muỗi hình nón', 1, 200000, 0, 200000, 'vi', 1, 1, 1409024551);

-- --------------------------------------------------------

--
-- Table structure for table `web_slider_banner`
--

CREATE TABLE IF NOT EXISTS `web_slider_banner` (
`id` int(11) NOT NULL,
  `name` varchar(200) NOT NULL,
  `img_avatar` varchar(25) NOT NULL,
  `img_arr` varchar(250) NOT NULL,
  `url` varchar(200) DEFAULT NULL,
  `description` varchar(300) NOT NULL,
  `order` int(3) NOT NULL DEFAULT '0',
  `lang` varchar(2) NOT NULL DEFAULT 'vi',
  `status` tinyint(1) DEFAULT '1',
  `position_id` int(1) NOT NULL,
  `menu_id` varchar(30) DEFAULT NULL
) ENGINE=MyISAM AUTO_INCREMENT=14 DEFAULT CHARSET=utf8;

--
-- Dumping data for table `web_slider_banner`
--

INSERT INTO `web_slider_banner` (`id`, `name`, `img_avatar`, `img_arr`, `url`, `description`, `order`, `lang`, `status`, `position_id`, `menu_id`) VALUES
(1, 'Slider Home', 'forexcareer1425632178.jpg', 'forexcareer1425632178.jpg,', 'javascript:;', '', 0, 'vi', 1, 1, ',1,'),
(2, 'Dịch vụ trọn gói', 'forexcareer1425632225.jpg', 'forexcareer1425632225.jpg,', 'javascript:;', '', 0, 'vi', 1, 1, ',6,'),
(3, 'Giới thiệu', 'forexcareer1425632262.jpg', 'forexcareer1425632262.jpg,', 'javascript:;', '', 0, 'vi', 1, 1, ',2,'),
(4, 'Menu tiệc ', 'forexcareer1425634585.jpg', 'forexcareer1425634585.jpg,', 'javascript:;', '', 0, 'vi', 1, 1, ',7,'),
(5, 'Thư viện hình ảnh', 'forexcareer1425634601.jpg', 'forexcareer1425634601.jpg,', 'javascript:;', '', 0, 'vi', 1, 1, ',9,'),
(6, 'Thông tin liên hệ', 'forexcareer1425634657.jpg', 'forexcareer1425634657.jpg,', 'javascript:;', '', 0, 'vi', 1, 1, ',3,'),
(7, 'Thông tin LIÊN HỆ', 'forexcareer1425634738.jpg', 'forexcareer1425634738.jpg,', 'lien-he/', 'Hãy tham khảo thật kỹ thông tin trên website và liên hệ sớm với chúng tôi để được nhiều ưu tiên.', 6, 'vi', 1, 2, ',1,'),
(8, 'Voucher MỖI NGÀY', 'forexcareer1425634726.jpg', 'forexcareer1425634726.jpg,', 'javascript:;', 'Giữ khách hàng ở lại, và sử dụng dịch vụ nhiều lần hơn, bên cạnh các chương trình khuyến mãi, chúng tôi có voucher tặng khách hàng thân thiết hàng tuần.', 5, 'vi', 1, 2, ',1,'),
(9, 'Thông tin KHUYẾN MÃI', 'forexcareer1425634717.jpg', 'forexcareer1425634717.jpg,', 'http://www.nhantiec.vn/khuyen-mai/thong-tin-khuyen-mai.html', 'Nhằm thu hút sự chú ý và quan tâm của khách hàng, chúng có các chương trình khuyến mãi hàng tuần cho tất cả các dịch vụ!', 4, 'vi', 1, 2, ',1,'),
(10, 'Giới thiệu VỀ CHÚNG TÔI', 'forexcareer1425634707.jpg', 'forexcareer1425634707.jpg,', 'http://www.nhantiec.vn/gioi-thieu/gioi-thieu-nhan-tiec-hoa-mai.html', 'Với đội ngũ nhân sự trẻ tuổi, năng động được đào tạo chuyên nghiệp từ cách tiếp đón khách đến cách phục vụ tiệc. Chúng tôi đem đến cho khách hàng sự hài lòng!', 3, 'vi', 1, 2, ',1,'),
(11, 'Dịch vụ TRỌN GÓI', 'forexcareer1425634696.jpg', 'forexcareer1425634696.jpg,', 'http://www.nhantiec.vn/dich-vu-tron-goi/', 'Rất nhiều gói dịch vụ được chúng tôi thiết kế phù hợp về giá cả, dinh dưỡng, và được nhiều người thích. Mỗi gói dịch vụ luôn tạo sự mới mẻ, bất ngờ, thú vị.', 2, 'vi', 1, 2, ',1,'),
(12, 'Danh sách MENU TIỆC', 'forexcareer1425632607.jpg', 'forexcareer1425632607.jpg,', 'http://www.nhantiec.vn/menu-tiec/', 'Chọn những món ăn nào cho buổi chiêu đãi luôn là một thách thức, và tốn thời gian. Hãy để các chuyên gia về ẩm thực thiết kế sẵn và bạn chỉ việc chọn thôi!', 1, 'vi', 1, 2, ',1,'),
(13, 'David Thai', 'forexcareer1425634245.jpg', 'forexcareer1425634245.jpg,', 'javascript:;', '<p>"Theo anh! Hương vị súp trong món ăn rất tuyệt vời, đầu bếp đã trộn thịt và nấm dai dai nó làm món súp mình ăn không buồn, mình ăn xong một chén mình xin một chén thêm"</p>\r\n\r\n<p><strong><span style="color:#0000FF;">David Thái</span></strong></p>\r\n\r\n<p>&nbsp;</p>', 0, 'vi', 1, 3, ',1,');

-- --------------------------------------------------------

--
-- Table structure for table `web_slider_banner_position`
--

CREATE TABLE IF NOT EXISTS `web_slider_banner_position` (
`id` int(11) NOT NULL,
  `name` varchar(50) NOT NULL,
  `status` tinyint(1) DEFAULT '1'
) ENGINE=MyISAM AUTO_INCREMENT=4 DEFAULT CHARSET=utf8;

--
-- Dumping data for table `web_slider_banner_position`
--

INSERT INTO `web_slider_banner_position` (`id`, `name`, `status`) VALUES
(1, 'Slider 940x400 or 940x160', 1),
(2, 'Event home 290px', 1),
(3, 'Nhận xét', 1);

-- --------------------------------------------------------

--
-- Table structure for table `web_users`
--

CREATE TABLE IF NOT EXISTS `web_users` (
`id` int(11) NOT NULL,
  `name` varchar(100) NOT NULL,
  `address` varchar(250) NOT NULL,
  `phone` varchar(30) NOT NULL,
  `email` varchar(60) NOT NULL,
  `birthday` bigint(10) NOT NULL,
  `gender` tinyint(1) NOT NULL DEFAULT '1',
  `url_img` varchar(150) NOT NULL,
  `salt` varchar(3) NOT NULL,
  `username` char(32) NOT NULL,
  `password` char(32) NOT NULL,
  `rule_view` varchar(100) NOT NULL,
  `rule_action` varchar(100) NOT NULL,
  `random_key` varchar(255) DEFAULT NULL,
  `login_number` int(11) DEFAULT '0',
  `disable_date` datetime DEFAULT NULL,
  `expiration` int(11) DEFAULT NULL,
  `lang` varchar(3) NOT NULL DEFAULT 'vi',
  `datetime` bigint(10) NOT NULL,
  `status` tinyint(1) DEFAULT '1',
  `group_id` int(1) NOT NULL
) ENGINE=MyISAM AUTO_INCREMENT=36 DEFAULT CHARSET=utf8;

--
-- Dumping data for table `web_users`
--

INSERT INTO `web_users` (`id`, `name`, `address`, `phone`, `email`, `birthday`, `gender`, `url_img`, `salt`, `username`, `password`, `rule_view`, `rule_action`, `random_key`, `login_number`, `disable_date`, `expiration`, `lang`, `datetime`, `status`, `group_id`) VALUES
(25, 'Admin', '123 CMT 8', '0988 388 003', 'hieunhan112@gmail.com', 0, 1, '', '', 'admin', 'fc7fc678608590b123692867f176fe63', ',1,2,20,3,4,5,6,7,8,9,10,11,12,21,22,23,', ',1,2,20,3,4,5,6,7,8,9,10,11,12,21,22,23,', NULL, 0, '2011-09-21 16:42:26', NULL, 'vi', 0, 1, 3),
(34, 'Tran Hieu Nhan', '', '0988 388 003', '', 0, 1, '', '', 'trannhan', '867e1a36d190000d2f266d80889683fc', ',1,2,3,4,5,6,7,8,21,22,', ',1,2,3,4,5,6,7,8,21,22,', NULL, 0, NULL, NULL, 'vi', 0, 1, 3);

-- --------------------------------------------------------

--
-- Table structure for table `web_users_group`
--

CREATE TABLE IF NOT EXISTS `web_users_group` (
`id` int(2) NOT NULL,
  `name` varchar(50) NOT NULL
) ENGINE=MyISAM AUTO_INCREMENT=4 DEFAULT CHARSET=utf8;

--
-- Dumping data for table `web_users_group`
--

INSERT INTO `web_users_group` (`id`, `name`) VALUES
(1, 'Khách hàng'),
(2, 'Thành viên'),
(3, 'Quản trị website');

-- --------------------------------------------------------

--
-- Table structure for table `web_video`
--

CREATE TABLE IF NOT EXISTS `web_video` (
`id` int(11) NOT NULL,
  `name` varchar(250) NOT NULL,
  `name_alias` varchar(250) NOT NULL,
  `type` int(1) NOT NULL DEFAULT '1',
  `url` varchar(250) NOT NULL,
  `img_avatar` varchar(25) NOT NULL,
  `img_arr` varchar(250) NOT NULL,
  `url_code` varchar(30) NOT NULL,
  `description` varchar(300) NOT NULL,
  `tags` varchar(250) NOT NULL,
  `content` text NOT NULL,
  `other` tinyint(1) DEFAULT '0',
  `datetime` bigint(10) NOT NULL,
  `lang` varchar(2) NOT NULL DEFAULT 'vi',
  `status` tinyint(1) DEFAULT '1',
  `menu_id` varchar(20) NOT NULL
) ENGINE=MyISAM AUTO_INCREMENT=6 DEFAULT CHARSET=utf8;

--
-- Dumping data for table `web_video`
--

INSERT INTO `web_video` (`id`, `name`, `name_alias`, `type`, `url`, `img_avatar`, `img_arr`, `url_code`, `description`, `tags`, `content`, `other`, `datetime`, `lang`, `status`, `menu_id`) VALUES
(2, 'Giới thiệu về Nhận Tiệc Hoa Mai', 'gioi-thieu-ve-nhan-tiec-hoa-mai', 1, 'thu-vien-video/gioi-thieu-ve-nhan-tiec-hoa-mai.html', '1425880265.jpg', '1425880265.jpg,', 'LRi1Tps4NWU', 'Nhận Tiệc Hoa Mai với đội ngũ nhân sự trẻ tuổi, năng động được đào tạo chuyên nghiệp. Đầu bếp kinh nghiệm nấu tiệc phục vụ nhà hàng, khách sạn, tiệc cưới, sinh nhật, liên hoan, ...', 'giới thiệu về nhận tiệc hoa mai,gioi thieu ve nhan tiec hoa mai', '', 0, 1425632760, 'vi', 1, ',16,'),
(3, 'Video nhà hàng', 'video-nha-hang', 1, 'thu-vien-video/video-nha-hang.html', '1425880278.jpg', '1425880278.jpg,', 'OSPvEdHSiko', 'Nhận Tiệc Hoa Mai đã liên kết nhiều địa điểm tổ chức tiệc nổi tiếng, sang trọng để cung cấp dịch vụ trọn gói tốt nhất với chi phí thấp nhất.', 'video nhà hàng,video nha hang', '', 0, 1425632820, 'vi', 1, ',16,'),
(4, 'Video giới thiệu món ăn', 'video-gioi-thieu-mon-an', 1, 'thu-vien-video/video-gioi-thieu-mon-an.html', '1425880290.jpg', '1425880290.jpg,', 'bAOO4-AWORU', 'Các món ăn đa dạng, được chế biến phù hợp với khẩu vị, chinh phục cả thực khách khó tính nhất.', 'video giới thiệu món ăn,video gioi thieu mon an', '', 0, 1425632820, 'vi', 1, ',16,'),
(5, 'Cảm nhận khách hàng', 'cam-nhan-khach-hang', 1, 'thu-vien-video/cam-nhan-khach-hang.html', '1425880309.jpg', '1425880309.jpg,', 'RWrXt4Fg3Ds', 'Hãy nghe thực khách nói về món ăn do chính Siêu Đầu Bếp Đông Thành thực hiện', 'cảm nhận khách hàng,cam nhan khach hang', '<p>Hãy nghe thực khách nói về món ăn do chính Siêu Đầu Bếp Đông Thành thực hiện</p>\r\n', 0, 1425632880, 'vi', 1, ',16,');

--
-- Indexes for dumped tables
--

--
-- Indexes for table `web_article`
--
ALTER TABLE `web_article`
 ADD PRIMARY KEY (`id`);

--
-- Indexes for table `web_article_cm`
--
ALTER TABLE `web_article_cm`
 ADD PRIMARY KEY (`id`);

--
-- Indexes for table `web_config`
--
ALTER TABLE `web_config`
 ADD PRIMARY KEY (`id`);

--
-- Indexes for table `web_contact`
--
ALTER TABLE `web_contact`
 ADD PRIMARY KEY (`id`);

--
-- Indexes for table `web_language`
--
ALTER TABLE `web_language`
 ADD PRIMARY KEY (`id`);

--
-- Indexes for table `web_listcity`
--
ALTER TABLE `web_listcity`
 ADD PRIMARY KEY (`id`);

--
-- Indexes for table `web_listdistricts`
--
ALTER TABLE `web_listdistricts`
 ADD PRIMARY KEY (`id`);

--
-- Indexes for table `web_listsendmail`
--
ALTER TABLE `web_listsendmail`
 ADD PRIMARY KEY (`id`);

--
-- Indexes for table `web_logs`
--
ALTER TABLE `web_logs`
 ADD PRIMARY KEY (`id`);

--
-- Indexes for table `web_menu`
--
ALTER TABLE `web_menu`
 ADD PRIMARY KEY (`id`);

--
-- Indexes for table `web_menu_admin`
--
ALTER TABLE `web_menu_admin`
 ADD PRIMARY KEY (`id`);

--
-- Indexes for table `web_menu_position`
--
ALTER TABLE `web_menu_position`
 ADD PRIMARY KEY (`id`);

--
-- Indexes for table `web_menu_type`
--
ALTER TABLE `web_menu_type`
 ADD PRIMARY KEY (`id`), ADD UNIQUE KEY `name` (`name`);

--
-- Indexes for table `web_photo`
--
ALTER TABLE `web_photo`
 ADD PRIMARY KEY (`id`);

--
-- Indexes for table `web_product`
--
ALTER TABLE `web_product`
 ADD PRIMARY KEY (`id`);

--
-- Indexes for table `web_product_order`
--
ALTER TABLE `web_product_order`
 ADD PRIMARY KEY (`id`);

--
-- Indexes for table `web_product_order_detail`
--
ALTER TABLE `web_product_order_detail`
 ADD PRIMARY KEY (`id`);

--
-- Indexes for table `web_slider_banner`
--
ALTER TABLE `web_slider_banner`
 ADD PRIMARY KEY (`id`);

--
-- Indexes for table `web_slider_banner_position`
--
ALTER TABLE `web_slider_banner_position`
 ADD PRIMARY KEY (`id`);

--
-- Indexes for table `web_users`
--
ALTER TABLE `web_users`
 ADD PRIMARY KEY (`id`), ADD UNIQUE KEY `username` (`username`);

--
-- Indexes for table `web_users_group`
--
ALTER TABLE `web_users_group`
 ADD PRIMARY KEY (`id`);

--
-- Indexes for table `web_video`
--
ALTER TABLE `web_video`
 ADD PRIMARY KEY (`id`);

--
-- AUTO_INCREMENT for dumped tables
--

--
-- AUTO_INCREMENT for table `web_article`
--
ALTER TABLE `web_article`
MODIFY `id` int(11) NOT NULL AUTO_INCREMENT,AUTO_INCREMENT=22;
--
-- AUTO_INCREMENT for table `web_article_cm`
--
ALTER TABLE `web_article_cm`
MODIFY `id` int(11) NOT NULL AUTO_INCREMENT;
--
-- AUTO_INCREMENT for table `web_config`
--
ALTER TABLE `web_config`
MODIFY `id` int(3) NOT NULL AUTO_INCREMENT,AUTO_INCREMENT=29;
--
-- AUTO_INCREMENT for table `web_contact`
--
ALTER TABLE `web_contact`
MODIFY `id` int(11) NOT NULL AUTO_INCREMENT,AUTO_INCREMENT=11;
--
-- AUTO_INCREMENT for table `web_language`
--
ALTER TABLE `web_language`
MODIFY `id` int(3) NOT NULL AUTO_INCREMENT,AUTO_INCREMENT=3;
--
-- AUTO_INCREMENT for table `web_listdistricts`
--
ALTER TABLE `web_listdistricts`
MODIFY `id` int(3) NOT NULL AUTO_INCREMENT,AUTO_INCREMENT=901;
--
-- AUTO_INCREMENT for table `web_listsendmail`
--
ALTER TABLE `web_listsendmail`
MODIFY `id` int(2) NOT NULL AUTO_INCREMENT,AUTO_INCREMENT=5;
--
-- AUTO_INCREMENT for table `web_logs`
--
ALTER TABLE `web_logs`
MODIFY `id` int(11) NOT NULL AUTO_INCREMENT;
--
-- AUTO_INCREMENT for table `web_menu`
--
ALTER TABLE `web_menu`
MODIFY `id` int(3) NOT NULL AUTO_INCREMENT,AUTO_INCREMENT=21;
--
-- AUTO_INCREMENT for table `web_menu_admin`
--
ALTER TABLE `web_menu_admin`
MODIFY `id` int(3) NOT NULL AUTO_INCREMENT,AUTO_INCREMENT=24;
--
-- AUTO_INCREMENT for table `web_menu_position`
--
ALTER TABLE `web_menu_position`
MODIFY `id` int(3) NOT NULL AUTO_INCREMENT,AUTO_INCREMENT=10;
--
-- AUTO_INCREMENT for table `web_menu_type`
--
ALTER TABLE `web_menu_type`
MODIFY `id` int(3) NOT NULL AUTO_INCREMENT,AUTO_INCREMENT=15;
--
-- AUTO_INCREMENT for table `web_photo`
--
ALTER TABLE `web_photo`
MODIFY `id` int(11) NOT NULL AUTO_INCREMENT,AUTO_INCREMENT=4;
--
-- AUTO_INCREMENT for table `web_product`
--
ALTER TABLE `web_product`
MODIFY `id` int(11) NOT NULL AUTO_INCREMENT,AUTO_INCREMENT=9;
--
-- AUTO_INCREMENT for table `web_product_order`
--
ALTER TABLE `web_product_order`
MODIFY `id` int(11) NOT NULL AUTO_INCREMENT,AUTO_INCREMENT=6;
--
-- AUTO_INCREMENT for table `web_product_order_detail`
--
ALTER TABLE `web_product_order_detail`
MODIFY `id` int(11) NOT NULL AUTO_INCREMENT,AUTO_INCREMENT=38;
--
-- AUTO_INCREMENT for table `web_slider_banner`
--
ALTER TABLE `web_slider_banner`
MODIFY `id` int(11) NOT NULL AUTO_INCREMENT,AUTO_INCREMENT=14;
--
-- AUTO_INCREMENT for table `web_slider_banner_position`
--
ALTER TABLE `web_slider_banner_position`
MODIFY `id` int(11) NOT NULL AUTO_INCREMENT,AUTO_INCREMENT=4;
--
-- AUTO_INCREMENT for table `web_users`
--
ALTER TABLE `web_users`
MODIFY `id` int(11) NOT NULL AUTO_INCREMENT,AUTO_INCREMENT=36;
--
-- AUTO_INCREMENT for table `web_users_group`
--
ALTER TABLE `web_users_group`
MODIFY `id` int(2) NOT NULL AUTO_INCREMENT,AUTO_INCREMENT=4;
--
-- AUTO_INCREMENT for table `web_video`
--
ALTER TABLE `web_video`
MODIFY `id` int(11) NOT NULL AUTO_INCREMENT,AUTO_INCREMENT=6;
/*!40101 SET CHARACTER_SET_CLIENT=@OLD_CHARACTER_SET_CLIENT */;
/*!40101 SET CHARACTER_SET_RESULTS=@OLD_CHARACTER_SET_RESULTS */;
/*!40101 SET COLLATION_CONNECTION=@OLD_COLLATION_CONNECTION */;
